review_id,label,is_defective
REV_00001,0,0
REV_00002,1,1
REV_00003,0,0
REV_00004,0,0
REV_00005,0,0
REV_00006,0,0
REV_00007,0,0
REV_00008,0,0
REV_00009,0,0
REV_00010,0,0
REV_00011,0,0
REV_00012,0,0
REV_00013,1,0
REV_00014,0,0
REV_00015,0,0
REV_00016,0,0
REV_00017,1,1
REV_00018,0,0
REV_00019,0,0
REV_00020,0,0
REV_00021,0,0
REV_00022,0,0
REV_00023,1,1
REV_00024,0,0
REV_00025,0,0
REV_00026,1,1
REV_00027,0,0
REV_00028,0,0
REV_00029,0,0
REV_00030,1,1
REV_00031,0,0
REV_00032,0,0
REV_00033,0,0
REV_00034,1,0
REV_00035,0,0
REV_00036,0,0
REV_00037,1,0
REV_00038,0,0
REV_00039,0,0
REV_00040,0,0
REV_00041,0,0
REV_00042,0,0
REV_00043,0,0
REV_00044,1,1
REV_00045,0,0
REV_00046,0,0
REV_00047,1,1
REV_00048,0,0
REV_00049,0,0
REV_00050,0,0
REV_00051,0,0
REV_00052,0,0
REV_00053,0,0
REV_00054,0,0
REV_00055,0,0
REV_00056,0,0
REV_00057,0,0
REV_00058,1,1
REV_00059,0,0
REV_00060,1,1
REV_00061,1,1
REV_00062,0,0
REV_00063,0,0
REV_00064,0,0
REV_00065,0,0
REV_00066,1,0
REV_00067,0,0
REV_00068,0,0
REV_00069,0,0
REV_00070,0,0
REV_00071,1,1
REV_00072,1,0
REV_00073,0,0
REV_00074,0,0
REV_00075,0,0
REV_00076,0,0
REV_00077,1,1
REV_00078,0,0
REV_00079,0,0
REV_00080,0,0
REV_00081,0,0
REV_00082,0,0
REV_00083,0,0
REV_00084,0,0
REV_00085,0,0
REV_00086,0,0
REV_00087,0,0
REV_00088,0,0
REV_00089,0,0
REV_00090,0,0
REV_00091,1,0
REV_00092,0,0
REV_00093,0,0
REV_00094,1,1
REV_00095,0,0
REV_00096,0,0
REV_00097,1,1
REV_00098,1,1
REV_00099,0,0
REV_00100,0,0
REV_00101,1,1
REV_00102,0,0
REV_00103,0,0
REV_00104,0,0
REV_00105,0,0
REV_00106,1,1
REV_00107,1,1
REV_00108,0,0
REV_00109,1,1
REV_00110,1,1
REV_00111,0,0
REV_00112,0,0
REV_00113,1,1
REV_00114,0,0
REV_00115,0,0
REV_00116,0,0
REV_00117,0,0
REV_00118,0,0
REV_00119,1,1
REV_00120,0,0
REV_00121,0,0
REV_00122,0,0
REV_00123,0,0
REV_00124,1,1
REV_00125,0,0
REV_00126,1,1
REV_00127,0,0
REV_00128,0,0
REV_00129,1,0
REV_00130,0,0
REV_00131,0,0
REV_00132,0,0
REV_00133,0,0
REV_00134,1,1
REV_00135,0,0
REV_00136,0,0
REV_00137,0,0
REV_00138,0,0
REV_00139,0,0
REV_00140,1,1
REV_00141,0,0
REV_00142,0,0
REV_00143,1,1
REV_00144,0,0
REV_00145,0,0
REV_00146,0,0
REV_00147,0,0
REV_00148,0,0
REV_00149,0,0
REV_00150,0,0
REV_00151,0,0
REV_00152,1,0
REV_00153,0,0
REV_00154,0,0
REV_00155,0,0
REV_00156,1,0
REV_00157,0,0
REV_00158,0,0
REV_00159,0,0
REV_00160,0,0
REV_00161,0,0
REV_00162,0,0
REV_00163,0,0
REV_00164,0,0
REV_00165,1,1
REV_00166,0,0
REV_00167,0,0
REV_00168,1,0
REV_00169,0,0
REV_00170,0,0
REV_00171,0,0
REV_00172,0,0
REV_00173,0,0
REV_00174,1,0
REV_00175,0,0
REV_00176,1,1
REV_00177,0,0
REV_00178,0,0
REV_00179,0,0
REV_00180,1,0
REV_00181,0,0
REV_00182,0,0
REV_00183,1,1
REV_00184,0,0
REV_00185,1,1
REV_00186,0,0
REV_00187,0,0
REV_00188,0,0
REV_00189,0,0
REV_00190,0,0
REV_00191,0,0
REV_00192,0,0
REV_00193,0,0
REV_00194,0,0
REV_00195,1,1
REV_00196,0,0
REV_00197,0,0
REV_00198,0,0
REV_00199,1,1
REV_00200,0,0
REV_00201,0,0
REV_00202,0,0
REV_00203,0,0
REV_00204,0,0
REV_00205,0,0
REV_00206,1,0
REV_00207,0,0
REV_00208,1,1
REV_00209,0,0
REV_00210,0,0
REV_00211,0,0
REV_00212,1,1
REV_00213,0,0
REV_00214,0,0
REV_00215,0,0
REV_00216,1,0
REV_00217,1,1
REV_00218,0,0
REV_00219,0,0
REV_00220,0,0
REV_00221,1,1
REV_00222,1,0
REV_00223,0,0
REV_00224,0,0
REV_00225,1,1
REV_00226,1,1
REV_00227,0,0
REV_00228,0,0
REV_00229,0,0
REV_00230,1,0
REV_00231,0,0
REV_00232,0,0
REV_00233,0,0
REV_00234,1,0
REV_00235,0,0
REV_00236,1,1
REV_00237,1,0
REV_00238,0,0
REV_00239,0,0
REV_00240,0,0
REV_00241,0,0
REV_00242,0,0
REV_00243,0,0
REV_00244,0,0
REV_00245,0,0
REV_00246,0,0
REV_00247,1,0
REV_00248,0,0
REV_00249,0,0
REV_00250,0,0
REV_00251,0,0
REV_00252,0,0
REV_00253,0,0
REV_00254,0,0
REV_00255,0,0
REV_00256,0,0
REV_00257,0,0
REV_00258,0,0
REV_00259,0,0
REV_00260,0,0
REV_00261,0,0
REV_00262,0,0
REV_00263,0,0
REV_00264,0,0
REV_00265,0,0
REV_00266,1,0
REV_00267,0,0
REV_00268,1,1
REV_00269,0,0
REV_00270,0,0
REV_00271,0,0
REV_00272,0,0
REV_00273,0,0
REV_00274,0,0
REV_00275,1,1
REV_00276,0,0
REV_00277,0,0
REV_00278,0,0
REV_00279,0,0
REV_00280,0,0
REV_00281,0,0
REV_00282,0,0
REV_00283,0,0
REV_00284,1,1
REV_00285,0,0
REV_00286,0,0
REV_00287,0,0
REV_00288,0,0
REV_00289,0,0
REV_00290,0,0
REV_00291,0,0
REV_00292,0,0
REV_00293,0,0
REV_00294,1,0
REV_00295,0,0
REV_00296,0,0
REV_00297,1,1
REV_00298,0,0
REV_00299,0,0
REV_00300,1,0
REV_00301,0,0
REV_00302,0,0
REV_00303,0,0
REV_00304,0,0
REV_00305,0,0
REV_00306,1,1
REV_00307,0,0
REV_00308,1,1
REV_00309,0,0
REV_00310,0,0
REV_00311,0,0
REV_00312,1,1
REV_00313,0,0
REV_00314,0,0
REV_00315,0,0
REV_00316,1,0
REV_00317,0,0
REV_00318,1,1
REV_00319,0,0
REV_00320,0,0
REV_00321,0,0
REV_00322,1,1
REV_00323,0,0
REV_00324,0,0
REV_00325,1,0
REV_00326,0,0
REV_00327,1,1
REV_00328,0,0
REV_00329,0,0
REV_00330,0,0
REV_00331,0,0
REV_00332,0,0
REV_00333,0,0
REV_00334,0,0
REV_00335,1,1
REV_00336,0,0
REV_00337,0,0
REV_00338,1,1
REV_00339,1,1
REV_00340,0,0
REV_00341,0,0
REV_00342,0,0
REV_00343,0,0
REV_00344,0,0
REV_00345,0,0
REV_00346,0,0
REV_00347,0,0
REV_00348,0,0
REV_00349,0,0
REV_00350,0,0
REV_00351,1,0
REV_00352,0,0
REV_00353,1,0
REV_00354,0,0
REV_00355,0,0
REV_00356,0,0
REV_00357,0,0
REV_00358,0,0
REV_00359,0,0
REV_00360,0,0
REV_00361,1,0
REV_00362,0,0
REV_00363,0,0
REV_00364,0,0
REV_00365,0,0
REV_00366,0,0
REV_00367,0,0
REV_00368,1,1
REV_00369,0,0
REV_00370,0,0
REV_00371,0,0
REV_00372,0,0
REV_00373,0,0
REV_00374,0,0
REV_00375,1,1
REV_00376,0,0
REV_00377,0,0
REV_00378,1,1
REV_00379,0,0
REV_00380,1,0
REV_00381,0,0
REV_00382,0,0
REV_00383,0,0
REV_00384,0,0
REV_00385,1,0
REV_00386,0,0
REV_00387,0,0
REV_00388,1,0
REV_00389,0,0
REV_00390,1,1
REV_00391,0,0
REV_00392,0,0
REV_00393,0,0
REV_00394,0,0
REV_00395,1,1
REV_00396,0,0
REV_00397,0,0
REV_00398,0,0
REV_00399,0,0
REV_00400,1,1
REV_00401,0,0
REV_00402,0,0
REV_00403,0,0
REV_00404,1,1
REV_00405,0,0
REV_00406,0,0
REV_00407,0,0
REV_00408,0,0
REV_00409,0,0
REV_00410,0,0
REV_00411,0,0
REV_00412,0,0
REV_00413,0,0
REV_00414,0,0
REV_00415,0,0
REV_00416,0,0
REV_00417,1,1
REV_00418,1,1
REV_00419,0,0
REV_00420,1,0
REV_00421,0,0
REV_00422,0,0
REV_00423,0,0
REV_00424,1,0
REV_00425,1,0
REV_00426,0,0
REV_00427,0,0
REV_00428,0,0
REV_00429,0,0
REV_00430,0,0
REV_00431,0,0
REV_00432,0,0
REV_00433,0,0
REV_00434,1,1
REV_00435,0,0
REV_00436,1,1
REV_00437,0,0
REV_00438,0,0
REV_00439,1,1
REV_00440,0,0
REV_00441,1,1
REV_00442,0,0
REV_00443,0,0
REV_00444,0,0
REV_00445,0,0
REV_00446,1,0
REV_00447,0,0
REV_00448,0,0
REV_00449,0,0
REV_00450,0,0
REV_00451,0,0
REV_00452,0,0
REV_00453,1,0
REV_00454,1,1
REV_00455,0,0
REV_00456,0,0
REV_00457,0,0
REV_00458,0,0
REV_00459,1,0
REV_00460,1,0
REV_00461,0,0
REV_00462,1,1
REV_00463,0,0
REV_00464,1,1
REV_00465,0,0
REV_00466,0,0
REV_00467,0,0
REV_00468,0,0
REV_00469,0,0
REV_00470,1,0
REV_00471,1,0
REV_00472,0,0
REV_00473,1,0
REV_00474,0,0
REV_00475,0,0
REV_00476,0,0
REV_00477,0,0
REV_00478,0,0
REV_00479,0,0
REV_00480,1,1
REV_00481,0,0
REV_00482,0,0
REV_00483,0,0
REV_00484,0,0
REV_00485,0,0
REV_00486,0,0
REV_00487,0,0
REV_00488,0,0
REV_00489,0,0
REV_00490,0,0
REV_00491,0,0
REV_00492,0,0
REV_00493,1,0
REV_00494,0,0
REV_00495,0,0
REV_00496,0,0
REV_00497,0,0
REV_00498,0,0
REV_00499,1,1
REV_00500,1,1
REV_00501,1,1
REV_00502,0,0
REV_00503,1,1
REV_00504,1,1
REV_00505,0,0
REV_00506,1,0
REV_00507,0,0
REV_00508,1,1
REV_00509,0,0
REV_00510,0,0
REV_00511,0,0
REV_00512,0,0
REV_00513,0,0
REV_00514,0,0
REV_00515,0,0
REV_00516,0,0
REV_00517,0,0
REV_00518,1,0
REV_00519,0,0
REV_00520,1,1
REV_00521,1,0
REV_00522,0,0
REV_00523,1,1
REV_00524,0,0
REV_00525,0,0
REV_00526,1,0
REV_00527,0,0
REV_00528,1,1
REV_00529,0,0
REV_00530,0,0
REV_00531,1,1
REV_00532,1,1
REV_00533,0,0
REV_00534,0,0
REV_00535,0,0
REV_00536,1,1
REV_00537,0,0
REV_00538,0,0
REV_00539,0,0
REV_00540,1,1
REV_00541,0,0
REV_00542,1,1
REV_00543,1,0
REV_00544,0,0
REV_00545,0,0
REV_00546,1,0
REV_00547,0,0
REV_00548,0,0
REV_00549,0,0
REV_00550,0,0
REV_00551,0,0
REV_00552,0,0
REV_00553,0,0
REV_00554,0,0
REV_00555,0,0
REV_00556,0,0
REV_00557,1,1
REV_00558,1,0
REV_00559,0,0
REV_00560,0,0
REV_00561,0,0
REV_00562,0,0
REV_00563,0,0
REV_00564,0,0
REV_00565,1,1
REV_00566,0,0
REV_00567,1,0
REV_00568,0,0
REV_00569,0,0
REV_00570,0,0
REV_00571,0,0
REV_00572,0,0
REV_00573,0,0
REV_00574,0,0
REV_00575,0,0
REV_00576,0,0
REV_00577,0,0
REV_00578,0,0
REV_00579,0,0
REV_00580,0,0
REV_00581,0,0
REV_00582,0,0
REV_00583,0,0
REV_00584,0,0
REV_00585,0,0
REV_00586,0,0
REV_00587,0,0
REV_00588,0,0
REV_00589,0,0
REV_00590,0,0
REV_00591,0,0
REV_00592,0,0
REV_00593,1,1
REV_00594,0,0
REV_00595,0,0
REV_00596,0,0
REV_00597,0,0
REV_00598,0,0
REV_00599,0,0
REV_00600,0,0
REV_00601,0,0
REV_00602,1,1
REV_00603,0,0
REV_00604,0,0
REV_00605,0,0
REV_00606,1,1
REV_00607,1,0
REV_00608,1,1
REV_00609,0,0
REV_00610,0,0
REV_00611,0,0
REV_00612,0,0
REV_00613,1,1
REV_00614,1,1
REV_00615,1,1
REV_00616,1,1
REV_00617,1,1
REV_00618,0,0
REV_00619,0,0
REV_00620,1,0
REV_00621,0,0
REV_00622,0,0
REV_00623,1,1
REV_00624,0,0
REV_00625,0,0
REV_00626,0,0
REV_00627,1,1
REV_00628,1,1
REV_00629,1,1
REV_00630,0,0
REV_00631,0,0
REV_00632,0,0
REV_00633,0,0
REV_00634,1,0
REV_00635,0,0
REV_00636,0,0
REV_00637,1,0
REV_00638,1,1
REV_00639,1,0
REV_00640,0,0
REV_00641,0,0
REV_00642,1,1
REV_00643,0,0
REV_00644,0,0
REV_00645,0,0
REV_00646,0,0
REV_00647,0,0
REV_00648,1,1
REV_00649,0,0
REV_00650,0,0
REV_00651,0,0
REV_00652,1,1
REV_00653,0,0
REV_00654,1,0
REV_00655,0,0
REV_00656,0,0
REV_00657,0,0
REV_00658,1,1
REV_00659,1,1
REV_00660,0,0
REV_00661,0,0
REV_00662,0,0
REV_00663,0,0
REV_00664,0,0
REV_00665,0,0
REV_00666,0,0
REV_00667,0,0
REV_00668,0,0
REV_00669,0,0
REV_00670,0,0
REV_00671,0,0
REV_00672,0,0
REV_00673,1,0
REV_00674,0,0
REV_00675,1,1
REV_00676,0,0
REV_00677,0,0
REV_00678,0,0
REV_00679,0,0
REV_00680,0,0
REV_00681,0,0
REV_00682,0,0
REV_00683,0,0
REV_00684,0,0
REV_00685,0,0
REV_00686,0,0
REV_00687,0,0
REV_00688,1,1
REV_00689,0,0
REV_00690,0,0
REV_00691,0,0
REV_00692,0,0
REV_00693,0,0
REV_00694,0,0
REV_00695,0,0
REV_00696,0,0
REV_00697,0,0
REV_00698,0,0
REV_00699,1,1
REV_00700,0,0
REV_00701,1,0
REV_00702,0,0
REV_00703,0,0
REV_00704,0,0
REV_00705,0,0
REV_00706,0,0
REV_00707,0,0
REV_00708,0,0
REV_00709,1,1
REV_00710,1,1
REV_00711,0,0
REV_00712,0,0
REV_00713,0,0
REV_00714,1,1
REV_00715,0,0
REV_00716,0,0
REV_00717,0,0
REV_00718,0,0
REV_00719,0,0
REV_00720,0,0
REV_00721,0,0
REV_00722,0,0
REV_00723,1,0
REV_00724,1,0
REV_00725,0,0
REV_00726,0,0
REV_00727,0,0
REV_00728,0,0
REV_00729,0,0
REV_00730,1,1
REV_00731,0,0
REV_00732,1,1
REV_00733,0,0
REV_00734,0,0
REV_00735,1,0
REV_00736,1,0
REV_00737,0,0
REV_00738,0,0
REV_00739,0,0
REV_00740,0,0
REV_00741,1,0
REV_00742,0,0
REV_00743,1,0
REV_00744,0,0
REV_00745,1,1
REV_00746,0,0
REV_00747,0,0
REV_00748,0,0
REV_00749,1,1
REV_00750,0,0
REV_00751,0,0
REV_00752,0,0
REV_00753,0,0
REV_00754,1,1
REV_00755,0,0
REV_00756,1,1
REV_00757,0,0
REV_00758,0,0
REV_00759,0,0
REV_00760,0,0
REV_00761,1,1
REV_00762,0,0
REV_00763,0,0
REV_00764,1,1
REV_00765,0,0
REV_00766,1,1
REV_00767,0,0
REV_00768,0,0
REV_00769,1,1
REV_00770,1,0
REV_00771,0,0
REV_00772,0,0
REV_00773,0,0
REV_00774,1,1
REV_00775,0,0
REV_00776,1,1
REV_00777,1,0
REV_00778,0,0
REV_00779,1,1
REV_00780,0,0
REV_00781,1,0
REV_00782,0,0
REV_00783,0,0
REV_00784,0,0
REV_00785,0,0
REV_00786,1,1
REV_00787,1,0
REV_00788,0,0
REV_00789,1,1
REV_00790,1,0
REV_00791,0,0
REV_00792,0,0
REV_00793,0,0
REV_00794,0,0
REV_00795,0,0
REV_00796,0,0
REV_00797,0,0
REV_00798,1,0
REV_00799,0,0
REV_00800,0,0
REV_00801,1,0
REV_00802,1,1
REV_00803,0,0
REV_00804,0,0
REV_00805,1,0
REV_00806,0,0
REV_00807,0,0
REV_00808,0,0
REV_00809,0,0
REV_00810,0,0
REV_00811,0,0
REV_00812,1,1
REV_00813,0,0
REV_00814,0,0
REV_00815,1,0
REV_00816,1,1
REV_00817,0,0
REV_00818,1,1
REV_00819,1,1
REV_00820,0,0
REV_00821,0,0
REV_00822,0,0
REV_00823,0,0
REV_00824,0,0
REV_00825,0,0
REV_00826,0,0
REV_00827,0,0
REV_00828,0,0
REV_00829,0,0
REV_00830,0,0
REV_00831,0,0
REV_00832,1,1
REV_00833,0,0
REV_00834,0,0
REV_00835,1,1
REV_00836,0,0
REV_00837,0,0
REV_00838,0,0
REV_00839,0,0
REV_00840,0,0
REV_00841,0,0
REV_00842,0,0
REV_00843,0,0
REV_00844,0,0
REV_00845,0,0
REV_00846,0,0
REV_00847,0,0
REV_00848,1,0
REV_00849,0,0
REV_00850,0,0
REV_00851,0,0
REV_00852,0,0
REV_00853,0,0
REV_00854,0,0
REV_00855,1,0
REV_00856,0,0
REV_00857,0,0
REV_00858,0,0
REV_00859,0,0
REV_00860,0,0
REV_00861,0,0
REV_00862,0,0
REV_00863,0,0
REV_00864,0,0
REV_00865,1,0
REV_00866,0,0
REV_00867,1,1
REV_00868,0,0
REV_00869,1,1
REV_00870,1,1
REV_00871,1,1
REV_00872,0,0
REV_00873,0,0
REV_00874,1,0
REV_00875,1,1
REV_00876,0,0
REV_00877,0,0
REV_00878,0,0
REV_00879,0,0
REV_00880,0,0
REV_00881,0,0
REV_00882,0,0
REV_00883,0,0
REV_00884,1,1
REV_00885,1,0
REV_00886,0,0
REV_00887,0,0
REV_00888,1,1
REV_00889,0,0
REV_00890,0,0
REV_00891,1,1
REV_00892,0,0
REV_00893,0,0
REV_00894,1,0
REV_00895,0,0
REV_00896,0,0
REV_00897,0,0
REV_00898,1,1
REV_00899,0,0
REV_00900,1,1
REV_00901,0,0
REV_00902,1,1
REV_00903,0,0
REV_00904,1,1
REV_00905,0,0
REV_00906,0,0
REV_00907,0,0
REV_00908,0,0
REV_00909,0,0
REV_00910,0,0
REV_00911,0,0
REV_00912,1,1
REV_00913,0,0
REV_00914,0,0
REV_00915,0,0
REV_00916,0,0
REV_00917,0,0
REV_00918,0,0
REV_00919,0,0
REV_00920,0,0
REV_00921,1,1
REV_00922,1,1
REV_00923,1,0
REV_00924,0,0
REV_00925,0,0
REV_00926,1,1
REV_00927,0,0
REV_00928,1,0
REV_00929,1,1
REV_00930,0,0
REV_00931,0,0
REV_00932,0,0
REV_00933,1,1
REV_00934,1,1
REV_00935,1,0
REV_00936,0,0
REV_00937,0,0
REV_00938,0,0
REV_00939,0,0
REV_00940,0,0
REV_00941,0,0
REV_00942,0,0
REV_00943,0,0
REV_00944,0,0
REV_00945,0,0
REV_00946,1,1
REV_00947,0,0
REV_00948,0,0
REV_00949,0,0
REV_00950,0,0
REV_00951,0,0
REV_00952,1,1
REV_00953,0,0
REV_00954,0,0
REV_00955,0,0
REV_00956,0,0
REV_00957,0,0
REV_00958,0,0
REV_00959,1,1
REV_00960,0,0
REV_00961,0,0
REV_00962,0,0
REV_00963,0,0
REV_00964,0,0
REV_00965,1,0
REV_00966,0,0
REV_00967,0,0
REV_00968,0,0
REV_00969,0,0
REV_00970,1,0
REV_00971,1,1
REV_00972,0,0
REV_00973,1,1
REV_00974,0,0
REV_00975,0,0
REV_00976,0,0
REV_00977,0,0
REV_00978,0,0
REV_00979,0,0
REV_00980,0,0
REV_00981,0,0
REV_00982,0,0
REV_00983,0,0
REV_00984,0,0
REV_00985,0,0
REV_00986,0,0
REV_00987,0,0
REV_00988,0,0
REV_00989,0,0
REV_00990,1,0
REV_00991,0,0
REV_00992,1,0
REV_00993,1,1
REV_00994,0,0
REV_00995,1,0
REV_00996,1,1
REV_00997,0,0
REV_00998,1,1
REV_00999,1,0
REV_01000,0,0
REV_01001,0,0
REV_01002,0,0
REV_01003,0,0
REV_01004,1,0
REV_01005,0,0
REV_01006,0,0
REV_01007,1,1
REV_01008,0,0
REV_01009,0,0
REV_01010,0,0
REV_01011,0,0
REV_01012,0,0
REV_01013,0,0
REV_01014,0,0
REV_01015,1,1
REV_01016,0,0
REV_01017,0,0
REV_01018,0,0
REV_01019,0,0
REV_01020,0,0
REV_01021,0,0
REV_01022,1,1
REV_01023,1,1
REV_01024,1,1
REV_01025,0,0
REV_01026,0,0
REV_01027,0,0
REV_01028,1,1
REV_01029,0,0
REV_01030,0,0
REV_01031,0,0
REV_01032,0,0
REV_01033,0,0
REV_01034,0,0
REV_01035,1,1
REV_01036,0,0
REV_01037,0,0
REV_01038,1,0
REV_01039,0,0
REV_01040,1,1
REV_01041,0,0
REV_01042,0,0
REV_01043,0,0
REV_01044,0,0
REV_01045,0,0
REV_01046,0,0
REV_01047,0,0
REV_01048,0,0
REV_01049,1,0
REV_01050,1,1
REV_01051,0,0
REV_01052,1,1
REV_01053,0,0
REV_01054,0,0
REV_01055,0,0
REV_01056,0,0
REV_01057,0,0
REV_01058,0,0
REV_01059,0,0
REV_01060,0,0
REV_01061,1,1
REV_01062,0,0
REV_01063,1,0
REV_01064,0,0
REV_01065,1,1
REV_01066,0,0
REV_01067,1,1
REV_01068,0,0
REV_01069,0,0
REV_01070,0,0
REV_01071,1,0
REV_01072,1,1
REV_01073,0,0
REV_01074,0,0
REV_01075,0,0
REV_01076,0,0
REV_01077,0,0
REV_01078,0,0
REV_01079,0,0
REV_01080,0,0
REV_01081,1,0
REV_01082,0,0
REV_01083,0,0
REV_01084,0,0
REV_01085,1,0
REV_01086,0,0
REV_01087,1,1
REV_01088,0,0
REV_01089,0,0
REV_01090,1,0
REV_01091,1,1
REV_01092,0,0
REV_01093,0,0
REV_01094,1,0
REV_01095,1,0
REV_01096,0,0
REV_01097,0,0
REV_01098,0,0
REV_01099,0,0
REV_01100,0,0
REV_01101,0,0
REV_01102,0,0
REV_01103,1,1
REV_01104,1,1
REV_01105,0,0
REV_01106,1,1
REV_01107,0,0
REV_01108,0,0
REV_01109,1,1
REV_01110,1,1
REV_01111,0,0
REV_01112,0,0
REV_01113,1,1
REV_01114,1,1
REV_01115,0,0
REV_01116,0,0
REV_01117,0,0
REV_01118,0,0
REV_01119,1,1
REV_01120,0,0
REV_01121,0,0
REV_01122,1,1
REV_01123,1,1
REV_01124,0,0
REV_01125,1,1
REV_01126,0,0
REV_01127,0,0
REV_01128,0,0
REV_01129,0,0
REV_01130,0,0
REV_01131,1,1
REV_01132,0,0
REV_01133,1,1
REV_01134,1,1
REV_01135,0,0
REV_01136,0,0
REV_01137,1,0
REV_01138,0,0
REV_01139,0,0
REV_01140,0,0
REV_01141,0,0
REV_01142,0,0
REV_01143,0,0
REV_01144,0,0
REV_01145,0,0
REV_01146,1,0
REV_01147,0,0
REV_01148,0,0
REV_01149,1,1
REV_01150,1,1
REV_01151,1,1
REV_01152,0,0
REV_01153,0,0
REV_01154,1,0
REV_01155,0,0
REV_01156,0,0
REV_01157,1,0
REV_01158,0,0
REV_01159,0,0
REV_01160,0,0
REV_01161,0,0
REV_01162,0,0
REV_01163,0,0
REV_01164,0,0
REV_01165,0,0
REV_01166,1,1
REV_01167,0,0
REV_01168,1,1
REV_01169,0,0
REV_01170,0,0
REV_01171,0,0
REV_01172,0,0
REV_01173,0,0
REV_01174,1,1
REV_01175,1,1
REV_01176,0,0
REV_01177,0,0
REV_01178,1,1
REV_01179,0,0
REV_01180,0,0
REV_01181,1,1
REV_01182,1,0
REV_01183,0,0
REV_01184,0,0
REV_01185,0,0
REV_01186,1,1
REV_01187,0,0
REV_01188,0,0
REV_01189,1,0
REV_01190,1,1
REV_01191,0,0
REV_01192,0,0
REV_01193,1,1
REV_01194,0,0
REV_01195,0,0
REV_01196,1,0
REV_01197,0,0
REV_01198,0,0
REV_01199,0,0
REV_01200,1,0
REV_01201,0,0
REV_01202,1,1
REV_01203,0,0
REV_01204,0,0
REV_01205,0,0
REV_01206,0,0
REV_01207,1,1
REV_01208,0,0
REV_01209,0,0
REV_01210,0,0
REV_01211,1,1
REV_01212,0,0
REV_01213,1,1
REV_01214,0,0
REV_01215,1,1
REV_01216,0,0
REV_01217,0,0
REV_01218,0,0
REV_01219,0,0
REV_01220,1,1
REV_01221,0,0
REV_01222,0,0
REV_01223,1,1
REV_01224,0,0
REV_01225,0,0
REV_01226,0,0
REV_01227,0,0
REV_01228,0,0
REV_01229,0,0
REV_01230,0,0
REV_01231,0,0
REV_01232,1,1
REV_01233,1,0
REV_01234,0,0
REV_01235,0,0
REV_01236,0,0
REV_01237,0,0
REV_01238,0,0
REV_01239,1,0
REV_01240,0,0
REV_01241,1,1
REV_01242,0,0
REV_01243,0,0
REV_01244,1,1
REV_01245,0,0
REV_01246,0,0
REV_01247,0,0
REV_01248,0,0
REV_01249,0,0
REV_01250,0,0
REV_01251,0,0
REV_01252,1,1
REV_01253,0,0
REV_01254,0,0
REV_01255,0,0
REV_01256,0,0
REV_01257,0,0
REV_01258,0,0
REV_01259,0,0
REV_01260,0,0
REV_01261,0,0
REV_01262,0,0
REV_01263,0,0
REV_01264,0,0
REV_01265,0,0
REV_01266,1,1
REV_01267,0,0
REV_01268,0,0
REV_01269,0,0
REV_01270,0,0
REV_01271,0,0
REV_01272,0,0
REV_01273,0,0
REV_01274,0,0
REV_01275,1,0
REV_01276,0,0
REV_01277,0,0
REV_01278,1,1
REV_01279,0,0
REV_01280,1,1
REV_01281,0,0
REV_01282,0,0
REV_01283,0,0
REV_01284,0,0
REV_01285,0,0
REV_01286,1,0
REV_01287,0,0
REV_01288,0,0
REV_01289,0,0
REV_01290,1,0
REV_01291,0,0
REV_01292,1,0
REV_01293,0,0
REV_01294,0,0
REV_01295,0,0
REV_01296,0,0
REV_01297,0,0
REV_01298,0,0
REV_01299,0,0
REV_01300,0,0
REV_01301,0,0
REV_01302,1,1
REV_01303,0,0
REV_01304,0,0
REV_01305,0,0
REV_01306,0,0
REV_01307,1,1
REV_01308,1,0
REV_01309,0,0
REV_01310,1,1
REV_01311,1,1
REV_01312,1,1
REV_01313,1,1
REV_01314,0,0
REV_01315,0,0
REV_01316,0,0
REV_01317,1,1
REV_01318,1,1
REV_01319,0,0
REV_01320,0,0
REV_01321,0,0
REV_01322,0,0
REV_01323,0,0
REV_01324,0,0
REV_01325,0,0
REV_01326,0,0
REV_01327,1,1
REV_01328,0,0
REV_01329,0,0
REV_01330,0,0
REV_01331,1,0
REV_01332,0,0
REV_01333,0,0
REV_01334,0,0
REV_01335,0,0
REV_01336,0,0
REV_01337,0,0
REV_01338,0,0
REV_01339,1,1
REV_01340,0,0
REV_01341,0,0
REV_01342,0,0
REV_01343,0,0
REV_01344,0,0
REV_01345,1,1
REV_01346,0,0
REV_01347,0,0
REV_01348,0,0
REV_01349,0,0
REV_01350,0,0
REV_01351,0,0
REV_01352,0,0
REV_01353,0,0
REV_01354,1,1
REV_01355,0,0
REV_01356,0,0
REV_01357,1,0
REV_01358,1,1
REV_01359,1,0
REV_01360,0,0
REV_01361,0,0
REV_01362,1,1
REV_01363,0,0
REV_01364,0,0
REV_01365,0,0
REV_01366,0,0
REV_01367,1,0
REV_01368,0,0
REV_01369,0,0
REV_01370,0,0
REV_01371,0,0
REV_01372,1,0
REV_01373,0,0
REV_01374,1,0
REV_01375,0,0
REV_01376,0,0
REV_01377,0,0
REV_01378,0,0
REV_01379,0,0
REV_01380,0,0
REV_01381,0,0
REV_01382,1,1
REV_01383,0,0
REV_01384,0,0
REV_01385,0,0
REV_01386,0,0
REV_01387,0,0
REV_01388,0,0
REV_01389,0,0
REV_01390,0,0
REV_01391,0,0
REV_01392,0,0
REV_01393,1,1
REV_01394,0,0
REV_01395,0,0
REV_01396,1,1
REV_01397,1,1
REV_01398,0,0
REV_01399,0,0
REV_01400,0,0
REV_01401,0,0
REV_01402,1,1
REV_01403,0,0
REV_01404,0,0
REV_01405,0,0
REV_01406,0,0
REV_01407,0,0
REV_01408,0,0
REV_01409,0,0
REV_01410,1,1
REV_01411,0,0
REV_01412,0,0
REV_01413,1,1
REV_01414,0,0
REV_01415,1,1
REV_01416,0,0
REV_01417,0,0
REV_01418,0,0
REV_01419,1,1
REV_01420,1,1
REV_01421,0,0
REV_01422,0,0
REV_01423,0,0
REV_01424,0,0
REV_01425,0,0
REV_01426,0,0
REV_01427,0,0
REV_01428,1,1
REV_01429,0,0
REV_01430,0,0
REV_01431,0,0
REV_01432,0,0
REV_01433,0,0
REV_01434,0,0
REV_01435,1,0
REV_01436,0,0
REV_01437,0,0
REV_01438,0,0
REV_01439,0,0
REV_01440,0,0
REV_01441,1,1
REV_01442,1,0
REV_01443,0,0
REV_01444,0,0
REV_01445,1,1
REV_01446,0,0
REV_01447,0,0
REV_01448,0,0
REV_01449,1,1
REV_01450,0,0
REV_01451,0,0
REV_01452,1,1
REV_01453,0,0
REV_01454,0,0
REV_01455,0,0
REV_01456,1,1
REV_01457,0,0
REV_01458,0,0
REV_01459,0,0
REV_01460,0,0
REV_01461,0,0
REV_01462,0,0
REV_01463,1,0
REV_01464,0,0
REV_01465,0,0
REV_01466,1,1
REV_01467,0,0
REV_01468,0,0
REV_01469,1,1
REV_01470,0,0
REV_01471,1,1
REV_01472,1,0
REV_01473,0,0
REV_01474,0,0
REV_01475,0,0
REV_01476,0,0
REV_01477,1,1
REV_01478,0,0
REV_01479,0,0
REV_01480,0,0
REV_01481,0,0
REV_01482,1,0
REV_01483,0,0
REV_01484,0,0
REV_01485,0,0
REV_01486,0,0
REV_01487,0,0
REV_01488,0,0
REV_01489,1,1
REV_01490,0,0
REV_01491,0,0
REV_01492,0,0
REV_01493,0,0
REV_01494,0,0
REV_01495,0,0
REV_01496,0,0
REV_01497,0,0
REV_01498,1,1
REV_01499,0,0
REV_01500,0,0
REV_01501,0,0
REV_01502,0,0
REV_01503,0,0
REV_01504,0,0
REV_01505,0,0
REV_01506,0,0
REV_01507,1,0
REV_01508,1,1
REV_01509,0,0
REV_01510,0,0
REV_01511,0,0
REV_01512,0,0
REV_01513,1,1
REV_01514,0,0
REV_01515,0,0
REV_01516,1,1
REV_01517,0,0
REV_01518,0,0
REV_01519,0,0
REV_01520,0,0
REV_01521,0,0
REV_01522,1,1
REV_01523,0,0
REV_01524,0,0
REV_01525,0,0
REV_01526,1,1
REV_01527,0,0
REV_01528,0,0
REV_01529,0,0
REV_01530,0,0
REV_01531,0,0
REV_01532,0,0
REV_01533,0,0
REV_01534,0,0
REV_01535,0,0
REV_01536,1,0
REV_01537,0,0
REV_01538,1,1
REV_01539,0,0
REV_01540,1,1
REV_01541,1,1
REV_01542,0,0
REV_01543,1,1
REV_01544,1,0
REV_01545,1,1
REV_01546,0,0
REV_01547,0,0
REV_01548,0,0
REV_01549,1,1
REV_01550,0,0
REV_01551,0,0
REV_01552,0,0
REV_01553,0,0
REV_01554,1,0
REV_01555,1,0
REV_01556,0,0
REV_01557,0,0
REV_01558,0,0
REV_01559,1,1
REV_01560,0,0
REV_01561,0,0
REV_01562,1,1
REV_01563,0,0
REV_01564,0,0
REV_01565,1,1
REV_01566,0,0
REV_01567,0,0
REV_01568,0,0
REV_01569,0,0
REV_01570,0,0
REV_01571,0,0
REV_01572,0,0
REV_01573,0,0
REV_01574,0,0
REV_01575,0,0
REV_01576,0,0
REV_01577,0,0
REV_01578,0,0
REV_01579,1,0
REV_01580,1,0
REV_01581,0,0
REV_01582,0,0
REV_01583,1,1
REV_01584,0,0
REV_01585,1,1
REV_01586,0,0
REV_01587,0,0
REV_01588,1,1
REV_01589,1,1
REV_01590,0,0
REV_01591,0,0
REV_01592,0,0
REV_01593,1,1
REV_01594,1,0
REV_01595,1,0
REV_01596,0,0
REV_01597,0,0
REV_01598,0,0
REV_01599,0,0
REV_01600,1,0
REV_01601,0,0
REV_01602,0,0
REV_01603,0,0
REV_01604,0,0
REV_01605,0,0
REV_01606,0,0
REV_01607,0,0
REV_01608,0,0
REV_01609,0,0
REV_01610,1,1
REV_01611,0,0
REV_01612,1,1
REV_01613,0,0
REV_01614,0,0
REV_01615,0,0
REV_01616,0,0
REV_01617,0,0
REV_01618,0,0
REV_01619,1,1
REV_01620,1,1
REV_01621,1,1
REV_01622,0,0
REV_01623,0,0
REV_01624,0,0
REV_01625,0,0
REV_01626,0,0
REV_01627,0,0
REV_01628,1,0
REV_01629,0,0
REV_01630,0,0
REV_01631,0,0
REV_01632,0,0
REV_01633,1,1
REV_01634,0,0
REV_01635,1,0
REV_01636,0,0
REV_01637,1,1
REV_01638,1,0
REV_01639,0,0
REV_01640,1,1
REV_01641,0,0
REV_01642,0,0
REV_01643,1,1
REV_01644,0,0
REV_01645,0,0
REV_01646,0,0
REV_01647,1,1
REV_01648,0,0
REV_01649,0,0
REV_01650,0,0
REV_01651,1,0
REV_01652,1,1
REV_01653,1,1
REV_01654,0,0
REV_01655,1,1
REV_01656,0,0
REV_01657,0,0
REV_01658,0,0
REV_01659,0,0
REV_01660,0,0
REV_01661,0,0
REV_01662,0,0
REV_01663,0,0
REV_01664,0,0
REV_01665,0,0
REV_01666,0,0
REV_01667,1,1
REV_01668,0,0
REV_01669,0,0
REV_01670,0,0
REV_01671,1,1
REV_01672,1,1
REV_01673,1,0
REV_01674,0,0
REV_01675,1,0
REV_01676,0,0
REV_01677,1,1
REV_01678,1,1
REV_01679,0,0
REV_01680,1,1
REV_01681,0,0
REV_01682,0,0
REV_01683,0,0
REV_01684,0,0
REV_01685,0,0
REV_01686,1,0
REV_01687,0,0
REV_01688,0,0
REV_01689,0,0
REV_01690,1,1
REV_01691,0,0
REV_01692,0,0
REV_01693,0,0
REV_01694,1,0
REV_01695,0,0
REV_01696,1,1
REV_01697,0,0
REV_01698,0,0
REV_01699,0,0
REV_01700,1,0
REV_01701,1,0
REV_01702,1,0
REV_01703,0,0
REV_01704,0,0
REV_01705,0,0
REV_01706,0,0
REV_01707,1,0
REV_01708,0,0
REV_01709,1,1
REV_01710,0,0
REV_01711,1,0
REV_01712,1,1
REV_01713,0,0
REV_01714,1,0
REV_01715,0,0
REV_01716,0,0
REV_01717,1,1
REV_01718,0,0
REV_01719,1,1
REV_01720,1,0
REV_01721,0,0
REV_01722,1,1
REV_01723,0,0
REV_01724,0,0
REV_01725,0,0
REV_01726,0,0
REV_01727,0,0
REV_01728,1,1
REV_01729,0,0
REV_01730,0,0
REV_01731,1,1
REV_01732,1,0
REV_01733,0,0
REV_01734,1,1
REV_01735,0,0
REV_01736,1,0
REV_01737,1,1
REV_01738,1,1
REV_01739,0,0
REV_01740,1,0
REV_01741,0,0
REV_01742,1,0
REV_01743,0,0
REV_01744,0,0
REV_01745,0,0
REV_01746,0,0
REV_01747,0,0
REV_01748,0,0
REV_01749,0,0
REV_01750,0,0
REV_01751,0,0
REV_01752,0,0
REV_01753,0,0
REV_01754,0,0
REV_01755,0,0
REV_01756,1,0
REV_01757,0,0
REV_01758,0,0
REV_01759,0,0
REV_01760,1,0
REV_01761,0,0
REV_01762,1,1
REV_01763,0,0
REV_01764,0,0
REV_01765,1,1
REV_01766,1,1
REV_01767,1,0
REV_01768,0,0
REV_01769,0,0
REV_01770,1,1
REV_01771,0,0
REV_01772,1,1
REV_01773,1,1
REV_01774,0,0
REV_01775,0,0
REV_01776,1,0
REV_01777,0,0
REV_01778,0,0
REV_01779,0,0
REV_01780,0,0
REV_01781,0,0
REV_01782,1,0
REV_01783,1,0
REV_01784,0,0
REV_01785,0,0
REV_01786,0,0
REV_01787,0,0
REV_01788,0,0
REV_01789,1,1
REV_01790,0,0
REV_01791,0,0
REV_01792,0,0
REV_01793,0,0
REV_01794,0,0
REV_01795,1,0
REV_01796,0,0
REV_01797,1,1
REV_01798,0,0
REV_01799,0,0
REV_01800,0,0
REV_01801,0,0
REV_01802,1,0
REV_01803,0,0
REV_01804,1,1
REV_01805,0,0
REV_01806,1,0
REV_01807,0,0
REV_01808,0,0
REV_01809,0,0
REV_01810,1,0
REV_01811,1,0
REV_01812,0,0
REV_01813,1,1
REV_01814,0,0
REV_01815,1,1
REV_01816,1,1
REV_01817,0,0
REV_01818,0,0
REV_01819,0,0
REV_01820,0,0
REV_01821,0,0
REV_01822,0,0
REV_01823,1,1
REV_01824,1,1
REV_01825,0,0
REV_01826,0,0
REV_01827,0,0
REV_01828,0,0
REV_01829,0,0
REV_01830,0,0
REV_01831,0,0
REV_01832,0,0
REV_01833,0,0
REV_01834,0,0
REV_01835,0,0
REV_01836,0,0
REV_01837,0,0
REV_01838,0,0
REV_01839,1,0
REV_01840,1,1
REV_01841,0,0
REV_01842,1,1
REV_01843,0,0
REV_01844,0,0
REV_01845,0,0
REV_01846,0,0
REV_01847,0,0
REV_01848,0,0
REV_01849,0,0
REV_01850,0,0
REV_01851,1,1
REV_01852,1,1
REV_01853,0,0
REV_01854,0,0
REV_01855,1,1
REV_01856,0,0
REV_01857,0,0
REV_01858,1,1
REV_01859,0,0
REV_01860,0,0
REV_01861,0,0
REV_01862,0,0
REV_01863,0,0
REV_01864,0,0
REV_01865,0,0
REV_01866,0,0
REV_01867,0,0
REV_01868,0,0
REV_01869,0,0
REV_01870,0,0
REV_01871,0,0
REV_01872,0,0
REV_01873,0,0
REV_01874,0,0
REV_01875,0,0
REV_01876,0,0
REV_01877,0,0
REV_01878,0,0
REV_01879,0,0
REV_01880,0,0
REV_01881,1,1
REV_01882,0,0
REV_01883,0,0
REV_01884,0,0
REV_01885,0,0
REV_01886,0,0
REV_01887,1,1
REV_01888,0,0
REV_01889,1,1
REV_01890,0,0
REV_01891,1,1
REV_01892,0,0
REV_01893,1,1
REV_01894,0,0
REV_01895,0,0
REV_01896,0,0
REV_01897,1,0
REV_01898,1,1
REV_01899,0,0
REV_01900,0,0
REV_01901,0,0
REV_01902,0,0
REV_01903,0,0
REV_01904,0,0
REV_01905,0,0
REV_01906,0,0
REV_01907,0,0
REV_01908,0,0
REV_01909,1,1
REV_01910,0,0
REV_01911,0,0
REV_01912,1,1
REV_01913,0,0
REV_01914,0,0
REV_01915,0,0
REV_01916,0,0
REV_01917,1,1
REV_01918,0,0
REV_01919,0,0
REV_01920,0,0
REV_01921,1,0
REV_01922,1,1
REV_01923,0,0
REV_01924,1,1
REV_01925,0,0
REV_01926,0,0
REV_01927,1,1
REV_01928,1,1
REV_01929,0,0
REV_01930,0,0
REV_01931,0,0
REV_01932,1,1
REV_01933,0,0
REV_01934,0,0
REV_01935,0,0
REV_01936,0,0
REV_01937,0,0
REV_01938,0,0
REV_01939,1,1
REV_01940,0,0
REV_01941,0,0
REV_01942,0,0
REV_01943,0,0
REV_01944,0,0
REV_01945,1,1
REV_01946,0,0
REV_01947,0,0
REV_01948,0,0
REV_01949,1,1
REV_01950,1,0
REV_01951,0,0
REV_01952,0,0
REV_01953,0,0
REV_01954,1,1
REV_01955,1,1
REV_01956,0,0
REV_01957,0,0
REV_01958,1,1
REV_01959,1,0
REV_01960,1,1
REV_01961,1,0
REV_01962,0,0
REV_01963,0,0
REV_01964,1,0
REV_01965,1,1
REV_01966,0,0
REV_01967,0,0
REV_01968,0,0
REV_01969,0,0
REV_01970,0,0
REV_01971,0,0
REV_01972,0,0
REV_01973,1,0
REV_01974,1,1
REV_01975,0,0
REV_01976,0,0
REV_01977,0,0
REV_01978,0,0
REV_01979,0,0
REV_01980,0,0
REV_01981,1,1
REV_01982,0,0
REV_01983,0,0
REV_01984,0,0
REV_01985,1,1
REV_01986,1,1
REV_01987,0,0
REV_01988,1,1
REV_01989,0,0
REV_01990,0,0
REV_01991,0,0
REV_01992,0,0
REV_01993,1,0
REV_01994,0,0
REV_01995,0,0
REV_01996,0,0
REV_01997,0,0
REV_01998,0,0
REV_01999,0,0
REV_02000,0,0
REV_02001,0,0
REV_02002,1,1
REV_02003,0,0
REV_02004,0,0
REV_02005,1,0
REV_02006,1,0
REV_02007,0,0
REV_02008,0,0
REV_02009,1,1
REV_02010,1,1
REV_02011,1,1
REV_02012,1,1
REV_02013,0,0
REV_02014,1,1
REV_02015,0,0
REV_02016,1,0
REV_02017,1,1
REV_02018,0,0
REV_02019,1,1
REV_02020,0,0
REV_02021,0,0
REV_02022,0,0
REV_02023,0,0
REV_02024,0,0
REV_02025,0,0
REV_02026,0,0
REV_02027,1,0
REV_02028,0,0
REV_02029,0,0
REV_02030,0,0
REV_02031,1,1
REV_02032,0,0
REV_02033,1,1
REV_02034,0,0
REV_02035,0,0
REV_02036,0,0
REV_02037,1,1
REV_02038,0,0
REV_02039,0,0
REV_02040,0,0
REV_02041,0,0
REV_02042,0,0
REV_02043,0,0
REV_02044,0,0
REV_02045,0,0
REV_02046,0,0
REV_02047,0,0
REV_02048,0,0
REV_02049,0,0
REV_02050,0,0
REV_02051,1,1
REV_02052,0,0
REV_02053,0,0
REV_02054,0,0
REV_02055,0,0
REV_02056,0,0
REV_02057,0,0
REV_02058,0,0
REV_02059,0,0
REV_02060,0,0
REV_02061,0,0
REV_02062,0,0
REV_02063,0,0
REV_02064,1,0
REV_02065,1,1
REV_02066,0,0
REV_02067,0,0
REV_02068,1,0
REV_02069,0,0
REV_02070,0,0
REV_02071,0,0
REV_02072,0,0
REV_02073,0,0
REV_02074,0,0
REV_02075,1,0
REV_02076,1,1
REV_02077,1,0
REV_02078,1,1
REV_02079,0,0
REV_02080,1,0
REV_02081,0,0
REV_02082,0,0
REV_02083,0,0
REV_02084,0,0
REV_02085,0,0
REV_02086,0,0
REV_02087,0,0
REV_02088,0,0
REV_02089,0,0
REV_02090,1,1
REV_02091,0,0
REV_02092,0,0
REV_02093,0,0
REV_02094,0,0
REV_02095,0,0
REV_02096,0,0
REV_02097,0,0
REV_02098,1,0
REV_02099,0,0
REV_02100,0,0
REV_02101,0,0
REV_02102,0,0
REV_02103,0,0
REV_02104,0,0
REV_02105,0,0
REV_02106,0,0
REV_02107,0,0
REV_02108,0,0
REV_02109,0,0
REV_02110,0,0
REV_02111,1,1
REV_02112,0,0
REV_02113,0,0
REV_02114,0,0
REV_02115,0,0
REV_02116,0,0
REV_02117,0,0
REV_02118,0,0
REV_02119,0,0
REV_02120,0,0
REV_02121,0,0
REV_02122,0,0
REV_02123,0,0
REV_02124,1,1
REV_02125,0,0
REV_02126,1,0
REV_02127,0,0
REV_02128,0,0
REV_02129,1,1
REV_02130,1,0
REV_02131,0,0
REV_02132,1,0
REV_02133,1,0
REV_02134,0,0
REV_02135,0,0
REV_02136,0,0
REV_02137,0,0
REV_02138,0,0
REV_02139,0,0
REV_02140,0,0
REV_02141,1,0
REV_02142,0,0
REV_02143,0,0
REV_02144,0,0
REV_02145,0,0
REV_02146,0,0
REV_02147,0,0
REV_02148,0,0
REV_02149,0,0
REV_02150,0,0
REV_02151,0,0
REV_02152,0,0
REV_02153,0,0
REV_02154,0,0
REV_02155,0,0
REV_02156,0,0
REV_02157,0,0
REV_02158,0,0
REV_02159,1,1
REV_02160,0,0
REV_02161,0,0
REV_02162,0,0
REV_02163,1,1
REV_02164,0,0
REV_02165,0,0
REV_02166,0,0
REV_02167,0,0
REV_02168,1,1
REV_02169,0,0
REV_02170,1,1
REV_02171,0,0
REV_02172,1,1
REV_02173,0,0
REV_02174,0,0
REV_02175,1,0
REV_02176,0,0
REV_02177,0,0
REV_02178,1,0
REV_02179,0,0
REV_02180,0,0
REV_02181,0,0
REV_02182,1,1
REV_02183,0,0
REV_02184,0,0
REV_02185,1,1
REV_02186,0,0
REV_02187,0,0
REV_02188,1,1
REV_02189,0,0
REV_02190,0,0
REV_02191,0,0
REV_02192,0,0
REV_02193,1,1
REV_02194,0,0
REV_02195,0,0
REV_02196,1,1
REV_02197,0,0
REV_02198,1,1
REV_02199,0,0
REV_02200,0,0
REV_02201,0,0
REV_02202,0,0
REV_02203,0,0
REV_02204,0,0
REV_02205,0,0
REV_02206,0,0
REV_02207,0,0
REV_02208,0,0
REV_02209,0,0
REV_02210,0,0
REV_02211,1,1
REV_02212,1,1
REV_02213,0,0
REV_02214,0,0
REV_02215,0,0
REV_02216,0,0
REV_02217,0,0
REV_02218,0,0
REV_02219,0,0
REV_02220,1,0
REV_02221,0,0
REV_02222,0,0
REV_02223,0,0
REV_02224,0,0
REV_02225,0,0
REV_02226,1,0
REV_02227,0,0
REV_02228,0,0
REV_02229,1,1
REV_02230,0,0
REV_02231,0,0
REV_02232,0,0
REV_02233,0,0
REV_02234,0,0
REV_02235,0,0
REV_02236,0,0
REV_02237,0,0
REV_02238,0,0
REV_02239,0,0
REV_02240,0,0
REV_02241,0,0
REV_02242,0,0
REV_02243,0,0
REV_02244,1,0
REV_02245,0,0
REV_02246,1,0
REV_02247,1,0
REV_02248,0,0
REV_02249,0,0
REV_02250,0,0
REV_02251,1,1
REV_02252,0,0
REV_02253,0,0
REV_02254,1,0
REV_02255,1,0
REV_02256,0,0
REV_02257,0,0
REV_02258,0,0
REV_02259,0,0
REV_02260,1,0
REV_02261,1,0
REV_02262,0,0
REV_02263,0,0
REV_02264,0,0
REV_02265,0,0
REV_02266,0,0
REV_02267,0,0
REV_02268,1,1
REV_02269,0,0
REV_02270,0,0
REV_02271,0,0
REV_02272,1,0
REV_02273,0,0
REV_02274,0,0
REV_02275,0,0
REV_02276,0,0
REV_02277,0,0
REV_02278,1,1
REV_02279,1,1
REV_02280,0,0
REV_02281,1,1
REV_02282,0,0
REV_02283,0,0
REV_02284,0,0
REV_02285,0,0
REV_02286,0,0
REV_02287,0,0
REV_02288,0,0
REV_02289,0,0
REV_02290,0,0
REV_02291,0,0
REV_02292,0,0
REV_02293,0,0
REV_02294,0,0
REV_02295,0,0
REV_02296,0,0
REV_02297,1,0
REV_02298,0,0
REV_02299,0,0
REV_02300,1,0
REV_02301,0,0
REV_02302,1,1
REV_02303,0,0
REV_02304,0,0
REV_02305,0,0
REV_02306,0,0
REV_02307,0,0
REV_02308,1,1
REV_02309,1,1
REV_02310,0,0
REV_02311,1,0
REV_02312,1,1
REV_02313,1,1
REV_02314,0,0
REV_02315,0,0
REV_02316,0,0
REV_02317,0,0
REV_02318,1,1
REV_02319,0,0
REV_02320,1,0
REV_02321,0,0
REV_02322,1,1
REV_02323,0,0
REV_02324,1,1
REV_02325,1,0
REV_02326,0,0
REV_02327,1,1
REV_02328,0,0
REV_02329,0,0
REV_02330,1,1
REV_02331,0,0
REV_02332,1,1
REV_02333,0,0
REV_02334,0,0
REV_02335,0,0
REV_02336,0,0
REV_02337,1,1
REV_02338,0,0
REV_02339,0,0
REV_02340,1,1
REV_02341,0,0
REV_02342,0,0
REV_02343,0,0
REV_02344,0,0
REV_02345,0,0
REV_02346,0,0
REV_02347,0,0
REV_02348,0,0
REV_02349,0,0
REV_02350,0,0
REV_02351,0,0
REV_02352,1,0
REV_02353,1,1
REV_02354,0,0
REV_02355,0,0
REV_02356,0,0
REV_02357,0,0
REV_02358,1,0
REV_02359,0,0
REV_02360,0,0
REV_02361,0,0
REV_02362,0,0
REV_02363,0,0
REV_02364,0,0
REV_02365,0,0
REV_02366,1,1
REV_02367,0,0
REV_02368,0,0
REV_02369,0,0
REV_02370,1,0
REV_02371,1,0
REV_02372,1,1
REV_02373,0,0
REV_02374,0,0
REV_02375,0,0
REV_02376,0,0
REV_02377,0,0
REV_02378,0,0
REV_02379,1,0
REV_02380,0,0
REV_02381,0,0
REV_02382,0,0
REV_02383,0,0
REV_02384,0,0
REV_02385,1,1
REV_02386,0,0
REV_02387,0,0
REV_02388,0,0
REV_02389,0,0
REV_02390,0,0
REV_02391,0,0
REV_02392,1,0
REV_02393,0,0
REV_02394,0,0
REV_02395,1,0
REV_02396,0,0
REV_02397,0,0
REV_02398,0,0
REV_02399,1,1
REV_02400,0,0
REV_02401,0,0
REV_02402,0,0
REV_02403,1,1
REV_02404,0,0
REV_02405,1,0
REV_02406,1,0
REV_02407,0,0
REV_02408,0,0
REV_02409,1,0
REV_02410,1,1
REV_02411,0,0
REV_02412,0,0
REV_02413,0,0
REV_02414,1,1
REV_02415,0,0
REV_02416,1,0
REV_02417,0,0
REV_02418,0,0
REV_02419,0,0
REV_02420,0,0
REV_02421,0,0
REV_02422,0,0
REV_02423,0,0
REV_02424,0,0
REV_02425,1,0
REV_02426,0,0
REV_02427,0,0
REV_02428,0,0
REV_02429,0,0
REV_02430,0,0
REV_02431,0,0
REV_02432,1,1
REV_02433,0,0
REV_02434,1,1
REV_02435,0,0
REV_02436,0,0
REV_02437,0,0
REV_02438,0,0
REV_02439,0,0
REV_02440,0,0
REV_02441,1,1
REV_02442,0,0
REV_02443,0,0
REV_02444,0,0
REV_02445,0,0
REV_02446,1,1
REV_02447,1,0
REV_02448,0,0
REV_02449,0,0
REV_02450,0,0
REV_02451,0,0
REV_02452,0,0
REV_02453,1,1
REV_02454,0,0
REV_02455,1,1
REV_02456,0,0
REV_02457,0,0
REV_02458,0,0
REV_02459,1,1
REV_02460,0,0
REV_02461,1,1
REV_02462,1,1
REV_02463,1,1
REV_02464,0,0
REV_02465,0,0
REV_02466,0,0
REV_02467,0,0
REV_02468,0,0
REV_02469,0,0
REV_02470,0,0
REV_02471,0,0
REV_02472,0,0
REV_02473,0,0
REV_02474,0,0
REV_02475,0,0
REV_02476,0,0
REV_02477,0,0
REV_02478,0,0
REV_02479,0,0
REV_02480,0,0
REV_02481,0,0
REV_02482,0,0
REV_02483,0,0
REV_02484,0,0
REV_02485,0,0
REV_02486,0,0
REV_02487,0,0
REV_02488,1,0
REV_02489,0,0
REV_02490,0,0
REV_02491,0,0
REV_02492,1,0
REV_02493,1,0
REV_02494,0,0
REV_02495,0,0
REV_02496,0,0
REV_02497,0,0
REV_02498,0,0
REV_02499,0,0
REV_02500,0,0
REV_02501,0,0
REV_02502,0,0
REV_02503,0,0
REV_02504,0,0
REV_02505,1,0
REV_02506,0,0
REV_02507,1,0
REV_02508,0,0
REV_02509,0,0
REV_02510,0,0
REV_02511,1,1
REV_02512,0,0
REV_02513,0,0
REV_02514,0,0
REV_02515,1,1
REV_02516,0,0
REV_02517,0,0
REV_02518,0,0
REV_02519,1,1
REV_02520,0,0
REV_02521,0,0
REV_02522,0,0
REV_02523,0,0
REV_02524,0,0
REV_02525,1,1
REV_02526,0,0
REV_02527,1,1
REV_02528,0,0
REV_02529,0,0
REV_02530,0,0
REV_02531,0,0
REV_02532,1,1
REV_02533,0,0
REV_02534,0,0
REV_02535,0,0
REV_02536,0,0
REV_02537,1,0
REV_02538,0,0
REV_02539,1,0
REV_02540,1,0
REV_02541,0,0
REV_02542,0,0
REV_02543,0,0
REV_02544,0,0
REV_02545,0,0
REV_02546,0,0
REV_02547,0,0
REV_02548,0,0
REV_02549,0,0
REV_02550,0,0
REV_02551,0,0
REV_02552,0,0
REV_02553,1,1
REV_02554,0,0
REV_02555,0,0
REV_02556,0,0
REV_02557,0,0
REV_02558,0,0
REV_02559,1,0
REV_02560,0,0
REV_02561,0,0
REV_02562,0,0
REV_02563,0,0
REV_02564,0,0
REV_02565,0,0
REV_02566,0,0
REV_02567,0,0
REV_02568,1,0
REV_02569,0,0
REV_02570,1,1
REV_02571,0,0
REV_02572,0,0
REV_02573,0,0
REV_02574,0,0
REV_02575,1,1
REV_02576,0,0
REV_02577,0,0
REV_02578,0,0
REV_02579,0,0
REV_02580,1,0
REV_02581,0,0
REV_02582,0,0
REV_02583,0,0
REV_02584,1,1
REV_02585,0,0
REV_02586,0,0
REV_02587,0,0
REV_02588,0,0
REV_02589,1,1
REV_02590,0,0
REV_02591,1,1
REV_02592,1,0
REV_02593,1,1
REV_02594,0,0
REV_02595,1,0
REV_02596,1,1
REV_02597,1,1
REV_02598,0,0
REV_02599,0,0
REV_02600,0,0
REV_02601,0,0
REV_02602,1,1
REV_02603,0,0
REV_02604,0,0
REV_02605,1,0
REV_02606,0,0
REV_02607,0,0
REV_02608,1,1
REV_02609,0,0
REV_02610,1,1
REV_02611,1,1
REV_02612,0,0
REV_02613,1,1
REV_02614,1,0
REV_02615,0,0
REV_02616,0,0
REV_02617,0,0
REV_02618,0,0
REV_02619,0,0
REV_02620,1,1
REV_02621,0,0
REV_02622,0,0
REV_02623,0,0
REV_02624,1,1
REV_02625,0,0
REV_02626,1,0
REV_02627,0,0
REV_02628,0,0
REV_02629,0,0
REV_02630,0,0
REV_02631,0,0
REV_02632,0,0
REV_02633,0,0
REV_02634,0,0
REV_02635,0,0
REV_02636,0,0
REV_02637,0,0
REV_02638,0,0
REV_02639,0,0
REV_02640,0,0
REV_02641,0,0
REV_02642,1,1
REV_02643,1,0
REV_02644,1,1
REV_02645,1,0
REV_02646,0,0
REV_02647,1,1
REV_02648,0,0
REV_02649,0,0
REV_02650,0,0
REV_02651,1,0
REV_02652,0,0
REV_02653,0,0
REV_02654,0,0
REV_02655,0,0
REV_02656,1,0
REV_02657,0,0
REV_02658,1,1
REV_02659,0,0
REV_02660,1,1
REV_02661,0,0
REV_02662,0,0
REV_02663,0,0
REV_02664,0,0
REV_02665,0,0
REV_02666,0,0
REV_02667,0,0
REV_02668,0,0
REV_02669,1,1
REV_02670,0,0
REV_02671,0,0
REV_02672,0,0
REV_02673,0,0
REV_02674,0,0
REV_02675,1,0
REV_02676,0,0
REV_02677,0,0
REV_02678,0,0
REV_02679,0,0
REV_02680,0,0
REV_02681,0,0
REV_02682,0,0
REV_02683,0,0
REV_02684,1,0
REV_02685,0,0
REV_02686,0,0
REV_02687,0,0
REV_02688,0,0
REV_02689,1,1
REV_02690,0,0
REV_02691,0,0
REV_02692,0,0
REV_02693,0,0
REV_02694,1,1
REV_02695,0,0
REV_02696,0,0
REV_02697,0,0
REV_02698,0,0
REV_02699,0,0
REV_02700,1,0
REV_02701,1,1
REV_02702,1,1
REV_02703,1,1
REV_02704,0,0
REV_02705,0,0
REV_02706,0,0
REV_02707,0,0
REV_02708,0,0
REV_02709,0,0
REV_02710,0,0
REV_02711,0,0
REV_02712,1,0
REV_02713,1,1
REV_02714,0,0
REV_02715,1,1
REV_02716,0,0
REV_02717,0,0
REV_02718,0,0
REV_02719,0,0
REV_02720,0,0
REV_02721,1,1
REV_02722,0,0
REV_02723,0,0
REV_02724,1,1
REV_02725,0,0
REV_02726,0,0
REV_02727,1,1
REV_02728,0,0
REV_02729,0,0
REV_02730,0,0
REV_02731,0,0
REV_02732,0,0
REV_02733,0,0
REV_02734,1,1
REV_02735,1,0
REV_02736,0,0
REV_02737,0,0
REV_02738,0,0
REV_02739,1,1
REV_02740,0,0
REV_02741,0,0
REV_02742,0,0
REV_02743,0,0
REV_02744,0,0
REV_02745,0,0
REV_02746,0,0
REV_02747,1,1
REV_02748,0,0
REV_02749,0,0
REV_02750,0,0
REV_02751,0,0
REV_02752,0,0
REV_02753,1,1
REV_02754,0,0
REV_02755,0,0
REV_02756,0,0
REV_02757,0,0
REV_02758,0,0
REV_02759,0,0
REV_02760,1,1
REV_02761,0,0
REV_02762,0,0
REV_02763,1,1
REV_02764,0,0
REV_02765,1,1
REV_02766,0,0
REV_02767,1,1
REV_02768,1,1
REV_02769,0,0
REV_02770,0,0
REV_02771,1,0
REV_02772,0,0
REV_02773,0,0
REV_02774,0,0
REV_02775,1,1
REV_02776,0,0
REV_02777,1,1
REV_02778,0,0
REV_02779,0,0
REV_02780,1,1
REV_02781,0,0
REV_02782,1,1
REV_02783,0,0
REV_02784,0,0
REV_02785,0,0
REV_02786,0,0
REV_02787,0,0
REV_02788,0,0
REV_02789,0,0
REV_02790,1,0
REV_02791,1,0
REV_02792,0,0
REV_02793,0,0
REV_02794,0,0
REV_02795,0,0
REV_02796,1,1
REV_02797,0,0
REV_02798,0,0
REV_02799,0,0
REV_02800,0,0
REV_02801,0,0
REV_02802,0,0
REV_02803,0,0
REV_02804,0,0
REV_02805,0,0
REV_02806,0,0
REV_02807,0,0
REV_02808,1,1
REV_02809,0,0
REV_02810,1,1
REV_02811,0,0
REV_02812,1,1
REV_02813,0,0
REV_02814,0,0
REV_02815,0,0
REV_02816,0,0
REV_02817,1,1
REV_02818,1,0
REV_02819,0,0
REV_02820,0,0
REV_02821,0,0
REV_02822,0,0
REV_02823,0,0
REV_02824,0,0
REV_02825,1,1
REV_02826,0,0
REV_02827,0,0
REV_02828,1,0
REV_02829,1,1
REV_02830,0,0
REV_02831,0,0
REV_02832,0,0
REV_02833,0,0
REV_02834,0,0
REV_02835,1,1
REV_02836,1,1
REV_02837,0,0
REV_02838,1,1
REV_02839,1,1
REV_02840,0,0
REV_02841,0,0
REV_02842,1,1
REV_02843,0,0
REV_02844,0,0
REV_02845,0,0
REV_02846,1,1
REV_02847,0,0
REV_02848,0,0
REV_02849,1,1
REV_02850,0,0
REV_02851,0,0
REV_02852,0,0
REV_02853,0,0
REV_02854,1,1
REV_02855,0,0
REV_02856,1,0
REV_02857,1,1
REV_02858,1,1
REV_02859,0,0
REV_02860,1,1
REV_02861,0,0
REV_02862,1,1
REV_02863,0,0
REV_02864,0,0
REV_02865,0,0
REV_02866,1,1
REV_02867,1,1
REV_02868,0,0
REV_02869,0,0
REV_02870,0,0
REV_02871,1,0
REV_02872,0,0
REV_02873,0,0
REV_02874,0,0
REV_02875,0,0
REV_02876,1,0
REV_02877,1,0
REV_02878,0,0
REV_02879,0,0
REV_02880,0,0
REV_02881,0,0
REV_02882,0,0
REV_02883,0,0
REV_02884,0,0
REV_02885,0,0
REV_02886,0,0
REV_02887,1,1
REV_02888,0,0
REV_02889,0,0
REV_02890,1,1
REV_02891,0,0
REV_02892,0,0
REV_02893,0,0
REV_02894,0,0
REV_02895,0,0
REV_02896,0,0
REV_02897,0,0
REV_02898,0,0
REV_02899,1,1
REV_02900,0,0
REV_02901,0,0
REV_02902,1,0
REV_02903,0,0
REV_02904,0,0
REV_02905,0,0
REV_02906,0,0
REV_02907,1,0
REV_02908,0,0
REV_02909,1,0
REV_02910,0,0
REV_02911,1,1
REV_02912,1,0
REV_02913,1,1
REV_02914,0,0
REV_02915,1,1
REV_02916,0,0
REV_02917,0,0
REV_02918,0,0
REV_02919,1,1
REV_02920,0,0
REV_02921,1,0
REV_02922,1,0
REV_02923,0,0
REV_02924,0,0
REV_02925,0,0
REV_02926,1,1
REV_02927,0,0
REV_02928,0,0
REV_02929,0,0
REV_02930,0,0
REV_02931,1,1
REV_02932,0,0
REV_02933,0,0
REV_02934,1,1
REV_02935,1,1
REV_02936,0,0
REV_02937,0,0
REV_02938,0,0
REV_02939,0,0
REV_02940,1,1
REV_02941,1,0
REV_02942,0,0
REV_02943,0,0
REV_02944,0,0
REV_02945,0,0
REV_02946,0,0
REV_02947,1,1
REV_02948,0,0
REV_02949,0,0
REV_02950,1,1
REV_02951,0,0
REV_02952,0,0
REV_02953,0,0
REV_02954,0,0
REV_02955,1,1
REV_02956,0,0
REV_02957,0,0
REV_02958,0,0
REV_02959,0,0
REV_02960,1,1
REV_02961,0,0
REV_02962,0,0
REV_02963,1,0
REV_02964,1,1
REV_02965,0,0
REV_02966,0,0
REV_02967,0,0
REV_02968,0,0
REV_02969,0,0
REV_02970,0,0
REV_02971,1,1
REV_02972,0,0
REV_02973,1,1
REV_02974,1,1
REV_02975,0,0
REV_02976,0,0
REV_02977,0,0
REV_02978,1,1
REV_02979,1,0
REV_02980,0,0
REV_02981,0,0
REV_02982,0,0
REV_02983,1,1
REV_02984,0,0
REV_02985,0,0
REV_02986,1,0
REV_02987,0,0
REV_02988,1,1
REV_02989,1,1
REV_02990,0,0
REV_02991,0,0
REV_02992,0,0
REV_02993,0,0
REV_02994,1,1
REV_02995,0,0
REV_02996,1,0
REV_02997,0,0
REV_02998,0,0
REV_02999,0,0
REV_03000,1,1
REV_03001,1,0
REV_03002,0,0
REV_03003,1,0
REV_03004,1,0
REV_03005,0,0
REV_03006,0,0
REV_03007,0,0
REV_03008,1,1
REV_03009,0,0
REV_03010,0,0
REV_03011,0,0
REV_03012,0,0
REV_03013,0,0
REV_03014,0,0
REV_03015,0,0
REV_03016,0,0
REV_03017,0,0
REV_03018,0,0
REV_03019,0,0
REV_03020,1,0
REV_03021,0,0
REV_03022,0,0
REV_03023,0,0
REV_03024,0,0
REV_03025,0,0
REV_03026,0,0
REV_03027,0,0
REV_03028,0,0
REV_03029,0,0
REV_03030,0,0
REV_03031,0,0
REV_03032,0,0
REV_03033,0,0
REV_03034,0,0
REV_03035,1,1
REV_03036,0,0
REV_03037,0,0
REV_03038,0,0
REV_03039,0,0
REV_03040,0,0
REV_03041,1,1
REV_03042,0,0
REV_03043,0,0
REV_03044,1,1
REV_03045,0,0
REV_03046,0,0
REV_03047,0,0
REV_03048,0,0
REV_03049,0,0
REV_03050,0,0
REV_03051,0,0
REV_03052,1,0
REV_03053,0,0
REV_03054,0,0
REV_03055,1,1
REV_03056,0,0
REV_03057,1,1
REV_03058,0,0
REV_03059,0,0
REV_03060,0,0
REV_03061,0,0
REV_03062,0,0
REV_03063,0,0
REV_03064,0,0
REV_03065,0,0
REV_03066,0,0
REV_03067,0,0
REV_03068,0,0
REV_03069,0,0
REV_03070,0,0
REV_03071,0,0
REV_03072,1,1
REV_03073,0,0
REV_03074,0,0
REV_03075,0,0
REV_03076,0,0
REV_03077,0,0
REV_03078,0,0
REV_03079,1,1
REV_03080,0,0
REV_03081,0,0
REV_03082,0,0
REV_03083,0,0
REV_03084,0,0
REV_03085,1,1
REV_03086,0,0
REV_03087,1,0
REV_03088,1,1
REV_03089,0,0
REV_03090,0,0
REV_03091,1,1
REV_03092,0,0
REV_03093,0,0
REV_03094,0,0
REV_03095,0,0
REV_03096,1,1
REV_03097,0,0
REV_03098,1,1
REV_03099,0,0
REV_03100,1,0
REV_03101,1,1
REV_03102,1,1
REV_03103,0,0
REV_03104,0,0
REV_03105,0,0
REV_03106,0,0
REV_03107,1,1
REV_03108,0,0
REV_03109,0,0
REV_03110,0,0
REV_03111,0,0
REV_03112,0,0
REV_03113,1,1
REV_03114,0,0
REV_03115,0,0
REV_03116,0,0
REV_03117,1,0
REV_03118,0,0
REV_03119,0,0
REV_03120,0,0
REV_03121,1,1
REV_03122,0,0
REV_03123,0,0
REV_03124,1,1
REV_03125,1,1
REV_03126,0,0
REV_03127,1,0
REV_03128,0,0
REV_03129,1,1
REV_03130,0,0
REV_03131,0,0
REV_03132,0,0
REV_03133,0,0
REV_03134,0,0
REV_03135,1,1
REV_03136,1,0
REV_03137,0,0
REV_03138,0,0
REV_03139,0,0
REV_03140,0,0
REV_03141,1,0
REV_03142,0,0
REV_03143,1,1
REV_03144,0,0
REV_03145,1,1
REV_03146,0,0
REV_03147,0,0
REV_03148,0,0
REV_03149,0,0
REV_03150,1,1
REV_03151,0,0
REV_03152,0,0
REV_03153,0,0
REV_03154,0,0
REV_03155,0,0
REV_03156,0,0
REV_03157,0,0
REV_03158,1,1
REV_03159,1,1
REV_03160,1,0
REV_03161,0,0
REV_03162,0,0
REV_03163,0,0
REV_03164,0,0
REV_03165,0,0
REV_03166,1,1
REV_03167,0,0
REV_03168,0,0
REV_03169,1,1
REV_03170,0,0
REV_03171,0,0
REV_03172,0,0
REV_03173,0,0
REV_03174,0,0
REV_03175,1,1
REV_03176,0,0
REV_03177,1,1
REV_03178,0,0
REV_03179,1,1
REV_03180,0,0
REV_03181,0,0
REV_03182,0,0
REV_03183,1,1
REV_03184,0,0
REV_03185,0,0
REV_03186,0,0
REV_03187,0,0
REV_03188,0,0
REV_03189,1,0
REV_03190,1,0
REV_03191,0,0
REV_03192,0,0
REV_03193,0,0
REV_03194,0,0
REV_03195,0,0
REV_03196,1,1
REV_03197,0,0
REV_03198,1,1
REV_03199,0,0
REV_03200,0,0
REV_03201,0,0
REV_03202,0,0
REV_03203,0,0
REV_03204,0,0
REV_03205,0,0
REV_03206,0,0
REV_03207,0,0
REV_03208,0,0
REV_03209,1,1
REV_03210,0,0
REV_03211,0,0
REV_03212,0,0
REV_03213,0,0
REV_03214,0,0
REV_03215,1,1
REV_03216,1,1
REV_03217,0,0
REV_03218,0,0
REV_03219,0,0
REV_03220,0,0
REV_03221,0,0
REV_03222,0,0
REV_03223,0,0
REV_03224,0,0
REV_03225,0,0
REV_03226,0,0
REV_03227,0,0
REV_03228,0,0
REV_03229,1,1
REV_03230,1,1
REV_03231,1,0
REV_03232,0,0
REV_03233,1,1
REV_03234,1,1
REV_03235,1,1
REV_03236,0,0
REV_03237,0,0
REV_03238,1,1
REV_03239,1,1
REV_03240,0,0
REV_03241,1,1
REV_03242,1,1
REV_03243,1,1
REV_03244,0,0
REV_03245,0,0
REV_03246,0,0
REV_03247,1,0
REV_03248,0,0
REV_03249,0,0
REV_03250,1,1
REV_03251,1,1
REV_03252,1,1
REV_03253,1,1
REV_03254,0,0
REV_03255,0,0
REV_03256,0,0
REV_03257,0,0
REV_03258,0,0
REV_03259,0,0
REV_03260,1,0
REV_03261,0,0
REV_03262,1,0
REV_03263,0,0
REV_03264,0,0
REV_03265,1,0
REV_03266,0,0
REV_03267,0,0
REV_03268,0,0
REV_03269,0,0
REV_03270,0,0
REV_03271,0,0
REV_03272,0,0
REV_03273,0,0
REV_03274,0,0
REV_03275,1,0
REV_03276,0,0
REV_03277,0,0
REV_03278,0,0
REV_03279,1,0
REV_03280,0,0
REV_03281,1,0
REV_03282,0,0
REV_03283,1,1
REV_03284,0,0
REV_03285,0,0
REV_03286,0,0
REV_03287,0,0
REV_03288,0,0
REV_03289,0,0
REV_03290,0,0
REV_03291,0,0
REV_03292,0,0
REV_03293,0,0
REV_03294,0,0
REV_03295,0,0
REV_03296,1,0
REV_03297,0,0
REV_03298,1,0
REV_03299,0,0
REV_03300,0,0
REV_03301,1,1
REV_03302,0,0
REV_03303,1,1
REV_03304,0,0
REV_03305,1,0
REV_03306,1,0
REV_03307,0,0
REV_03308,0,0
REV_03309,1,1
REV_03310,0,0
REV_03311,0,0
REV_03312,0,0
REV_03313,1,1
REV_03314,1,0
REV_03315,0,0
REV_03316,0,0
REV_03317,0,0
REV_03318,0,0
REV_03319,1,1
REV_03320,1,1
REV_03321,0,0
REV_03322,0,0
REV_03323,0,0
REV_03324,0,0
REV_03325,0,0
REV_03326,1,1
REV_03327,1,1
REV_03328,0,0
REV_03329,0,0
REV_03330,0,0
REV_03331,0,0
REV_03332,0,0
REV_03333,0,0
REV_03334,0,0
REV_03335,0,0
REV_03336,0,0
REV_03337,1,1
REV_03338,0,0
REV_03339,0,0
REV_03340,1,1
REV_03341,0,0
REV_03342,1,1
REV_03343,0,0
REV_03344,0,0
REV_03345,0,0
REV_03346,0,0
REV_03347,0,0
REV_03348,0,0
REV_03349,0,0
REV_03350,0,0
REV_03351,0,0
REV_03352,0,0
REV_03353,0,0
REV_03354,0,0
REV_03355,0,0
REV_03356,0,0
REV_03357,0,0
REV_03358,0,0
REV_03359,0,0
REV_03360,0,0
REV_03361,0,0
REV_03362,0,0
REV_03363,0,0
REV_03364,0,0
REV_03365,0,0
REV_03366,0,0
REV_03367,0,0
REV_03368,0,0
REV_03369,0,0
REV_03370,0,0
REV_03371,0,0
REV_03372,0,0
REV_03373,0,0
REV_03374,0,0
REV_03375,1,1
REV_03376,0,0
REV_03377,1,1
REV_03378,0,0
REV_03379,1,0
REV_03380,1,1
REV_03381,0,0
REV_03382,0,0
REV_03383,0,0
REV_03384,0,0
REV_03385,0,0
REV_03386,0,0
REV_03387,1,1
REV_03388,0,0
REV_03389,0,0
REV_03390,0,0
REV_03391,0,0
REV_03392,0,0
REV_03393,0,0
REV_03394,0,0
REV_03395,0,0
REV_03396,0,0
REV_03397,0,0
REV_03398,0,0
REV_03399,1,1
REV_03400,0,0
REV_03401,0,0
REV_03402,1,0
REV_03403,0,0
REV_03404,0,0
REV_03405,0,0
REV_03406,0,0
REV_03407,0,0
REV_03408,1,1
REV_03409,0,0
REV_03410,0,0
REV_03411,0,0
REV_03412,1,1
REV_03413,0,0
REV_03414,0,0
REV_03415,0,0
REV_03416,0,0
REV_03417,0,0
REV_03418,0,0
REV_03419,0,0
REV_03420,0,0
REV_03421,0,0
REV_03422,0,0
REV_03423,0,0
REV_03424,1,1
REV_03425,0,0
REV_03426,0,0
REV_03427,0,0
REV_03428,0,0
REV_03429,1,0
REV_03430,0,0
REV_03431,0,0
REV_03432,0,0
REV_03433,0,0
REV_03434,1,0
REV_03435,1,0
REV_03436,0,0
REV_03437,0,0
REV_03438,1,1
REV_03439,1,1
REV_03440,1,1
REV_03441,1,0
REV_03442,0,0
REV_03443,0,0
REV_03444,0,0
REV_03445,0,0
REV_03446,0,0
REV_03447,0,0
REV_03448,1,1
REV_03449,0,0
REV_03450,1,0
REV_03451,0,0
REV_03452,0,0
REV_03453,0,0
REV_03454,0,0
REV_03455,0,0
REV_03456,0,0
REV_03457,1,1
REV_03458,0,0
REV_03459,1,1
REV_03460,0,0
REV_03461,0,0
REV_03462,0,0
REV_03463,0,0
REV_03464,0,0
REV_03465,0,0
REV_03466,0,0
REV_03467,0,0
REV_03468,0,0
REV_03469,0,0
REV_03470,1,1
REV_03471,0,0
REV_03472,0,0
REV_03473,0,0
REV_03474,0,0
REV_03475,0,0
REV_03476,1,0
REV_03477,1,0
REV_03478,0,0
REV_03479,0,0
REV_03480,1,0
REV_03481,0,0
REV_03482,1,1
REV_03483,1,0
REV_03484,0,0
REV_03485,0,0
REV_03486,0,0
REV_03487,0,0
REV_03488,1,1
REV_03489,1,1
REV_03490,0,0
REV_03491,0,0
REV_03492,0,0
REV_03493,0,0
REV_03494,1,0
REV_03495,0,0
REV_03496,0,0
REV_03497,0,0
REV_03498,1,1
REV_03499,1,1
REV_03500,0,0
REV_03501,1,0
REV_03502,0,0
REV_03503,0,0
REV_03504,0,0
REV_03505,0,0
REV_03506,0,0
REV_03507,0,0
REV_03508,0,0
REV_03509,1,1
REV_03510,0,0
REV_03511,0,0
REV_03512,0,0
REV_03513,0,0
REV_03514,0,0
REV_03515,0,0
REV_03516,0,0
REV_03517,1,0
REV_03518,0,0
REV_03519,0,0
REV_03520,0,0
REV_03521,0,0
REV_03522,0,0
REV_03523,0,0
REV_03524,0,0
REV_03525,1,1
REV_03526,0,0
REV_03527,0,0
REV_03528,1,1
REV_03529,0,0
REV_03530,0,0
REV_03531,0,0
REV_03532,0,0
REV_03533,0,0
REV_03534,0,0
REV_03535,0,0
REV_03536,0,0
REV_03537,0,0
REV_03538,0,0
REV_03539,0,0
REV_03540,0,0
REV_03541,0,0
REV_03542,1,1
REV_03543,0,0
REV_03544,0,0
REV_03545,1,1
REV_03546,0,0
REV_03547,0,0
REV_03548,1,0
REV_03549,0,0
REV_03550,0,0
REV_03551,0,0
REV_03552,0,0
REV_03553,0,0
REV_03554,0,0
REV_03555,0,0
REV_03556,0,0
REV_03557,0,0
REV_03558,0,0
REV_03559,0,0
REV_03560,0,0
REV_03561,0,0
REV_03562,1,1
REV_03563,0,0
REV_03564,1,1
REV_03565,0,0
REV_03566,0,0
REV_03567,0,0
REV_03568,0,0
REV_03569,0,0
REV_03570,0,0
REV_03571,1,1
REV_03572,0,0
REV_03573,0,0
REV_03574,0,0
REV_03575,1,1
REV_03576,0,0
REV_03577,0,0
REV_03578,0,0
REV_03579,0,0
REV_03580,0,0
REV_03581,1,0
REV_03582,1,1
REV_03583,0,0
REV_03584,1,1
REV_03585,1,1
REV_03586,0,0
REV_03587,0,0
REV_03588,0,0
REV_03589,0,0
REV_03590,0,0
REV_03591,0,0
REV_03592,1,1
REV_03593,0,0
REV_03594,0,0
REV_03595,1,1
REV_03596,0,0
REV_03597,0,0
REV_03598,0,0
REV_03599,0,0
REV_03600,0,0
REV_03601,1,0
REV_03602,1,0
REV_03603,0,0
REV_03604,1,1
REV_03605,0,0
REV_03606,0,0
REV_03607,1,1
REV_03608,0,0
REV_03609,0,0
REV_03610,1,1
REV_03611,0,0
REV_03612,0,0
REV_03613,0,0
REV_03614,0,0
REV_03615,0,0
REV_03616,0,0
REV_03617,0,0
REV_03618,0,0
REV_03619,0,0
REV_03620,1,1
REV_03621,0,0
REV_03622,0,0
REV_03623,1,1
REV_03624,0,0
REV_03625,0,0
REV_03626,0,0
REV_03627,0,0
REV_03628,0,0
REV_03629,1,1
REV_03630,1,1
REV_03631,1,1
REV_03632,0,0
REV_03633,0,0
REV_03634,0,0
REV_03635,1,1
REV_03636,0,0
REV_03637,1,1
REV_03638,0,0
REV_03639,0,0
REV_03640,0,0
REV_03641,1,1
REV_03642,0,0
REV_03643,0,0
REV_03644,1,1
REV_03645,0,0
REV_03646,0,0
REV_03647,1,1
REV_03648,1,1
REV_03649,0,0
REV_03650,0,0
REV_03651,1,0
REV_03652,0,0
REV_03653,1,0
REV_03654,0,0
REV_03655,0,0
REV_03656,0,0
REV_03657,1,1
REV_03658,0,0
REV_03659,0,0
REV_03660,0,0
REV_03661,0,0
REV_03662,1,1
REV_03663,0,0
REV_03664,0,0
REV_03665,0,0
REV_03666,0,0
REV_03667,0,0
REV_03668,0,0
REV_03669,0,0
REV_03670,0,0
REV_03671,0,0
REV_03672,1,0
REV_03673,0,0
REV_03674,0,0
REV_03675,1,1
REV_03676,0,0
REV_03677,0,0
REV_03678,1,1
REV_03679,0,0
REV_03680,0,0
REV_03681,1,1
REV_03682,1,1
REV_03683,1,1
REV_03684,1,0
REV_03685,0,0
REV_03686,0,0
REV_03687,0,0
REV_03688,0,0
REV_03689,1,0
REV_03690,0,0
REV_03691,0,0
REV_03692,1,1
REV_03693,1,0
REV_03694,0,0
REV_03695,0,0
REV_03696,1,1
REV_03697,0,0
REV_03698,0,0
REV_03699,0,0
REV_03700,0,0
REV_03701,0,0
REV_03702,0,0
REV_03703,0,0
REV_03704,1,1
REV_03705,0,0
REV_03706,0,0
REV_03707,0,0
REV_03708,0,0
REV_03709,0,0
REV_03710,0,0
REV_03711,1,1
REV_03712,0,0
REV_03713,0,0
REV_03714,1,1
REV_03715,1,1
REV_03716,0,0
REV_03717,0,0
REV_03718,1,1
REV_03719,1,0
REV_03720,0,0
REV_03721,1,1
REV_03722,0,0
REV_03723,0,0
REV_03724,0,0
REV_03725,0,0
REV_03726,0,0
REV_03727,1,0
REV_03728,1,1
REV_03729,1,1
REV_03730,0,0
REV_03731,0,0
REV_03732,0,0
REV_03733,0,0
REV_03734,0,0
REV_03735,0,0
REV_03736,0,0
REV_03737,1,1
REV_03738,0,0
REV_03739,1,1
REV_03740,0,0
REV_03741,0,0
REV_03742,0,0
REV_03743,0,0
REV_03744,1,1
REV_03745,0,0
REV_03746,0,0
REV_03747,0,0
REV_03748,0,0
REV_03749,0,0
REV_03750,0,0
REV_03751,1,1
REV_03752,1,0
REV_03753,0,0
REV_03754,0,0
REV_03755,1,1
REV_03756,0,0
REV_03757,0,0
REV_03758,0,0
REV_03759,1,1
REV_03760,0,0
REV_03761,1,0
REV_03762,0,0
REV_03763,1,1
REV_03764,1,0
REV_03765,0,0
REV_03766,0,0
REV_03767,0,0
REV_03768,0,0
REV_03769,0,0
REV_03770,0,0
REV_03771,0,0
REV_03772,1,1
REV_03773,0,0
REV_03774,1,0
REV_03775,0,0
REV_03776,1,0
REV_03777,0,0
REV_03778,0,0
REV_03779,0,0
REV_03780,0,0
REV_03781,0,0
REV_03782,1,0
REV_03783,1,1
REV_03784,0,0
REV_03785,0,0
REV_03786,1,0
REV_03787,0,0
REV_03788,0,0
REV_03789,1,0
REV_03790,0,0
REV_03791,0,0
REV_03792,0,0
REV_03793,0,0
REV_03794,0,0
REV_03795,1,1
REV_03796,0,0
REV_03797,1,1
REV_03798,1,1
REV_03799,0,0
REV_03800,0,0
REV_03801,1,1
REV_03802,0,0
REV_03803,0,0
REV_03804,0,0
REV_03805,0,0
REV_03806,1,0
REV_03807,0,0
REV_03808,1,0
REV_03809,0,0
REV_03810,0,0
REV_03811,0,0
REV_03812,0,0
REV_03813,1,0
REV_03814,0,0
REV_03815,1,1
REV_03816,0,0
REV_03817,0,0
REV_03818,0,0
REV_03819,1,0
REV_03820,1,0
REV_03821,1,1
REV_03822,0,0
REV_03823,0,0
REV_03824,1,0
REV_03825,0,0
REV_03826,0,0
REV_03827,0,0
REV_03828,0,0
REV_03829,1,0
REV_03830,0,0
REV_03831,0,0
REV_03832,1,0
REV_03833,1,1
REV_03834,0,0
REV_03835,1,1
REV_03836,0,0
REV_03837,0,0
REV_03838,0,0
REV_03839,1,0
REV_03840,0,0
REV_03841,0,0
REV_03842,0,0
REV_03843,0,0
REV_03844,0,0
REV_03845,0,0
REV_03846,0,0
REV_03847,1,1
REV_03848,0,0
REV_03849,0,0
REV_03850,1,0
REV_03851,1,1
REV_03852,0,0
REV_03853,1,1
REV_03854,0,0
REV_03855,0,0
REV_03856,1,1
REV_03857,0,0
REV_03858,1,0
REV_03859,1,1
REV_03860,0,0
REV_03861,0,0
REV_03862,0,0
REV_03863,0,0
REV_03864,0,0
REV_03865,1,1
REV_03866,0,0
REV_03867,1,1
REV_03868,0,0
REV_03869,1,0
REV_03870,0,0
REV_03871,0,0
REV_03872,1,0
REV_03873,0,0
REV_03874,0,0
REV_03875,1,1
REV_03876,1,0
REV_03877,0,0
REV_03878,0,0
REV_03879,0,0
REV_03880,0,0
REV_03881,0,0
REV_03882,0,0
REV_03883,1,0
REV_03884,0,0
REV_03885,1,1
REV_03886,1,1
REV_03887,0,0
REV_03888,0,0
REV_03889,0,0
REV_03890,1,0
REV_03891,0,0
REV_03892,1,1
REV_03893,0,0
REV_03894,0,0
REV_03895,1,1
REV_03896,1,1
REV_03897,1,0
REV_03898,0,0
REV_03899,1,1
REV_03900,0,0
REV_03901,0,0
REV_03902,1,0
REV_03903,0,0
REV_03904,0,0
REV_03905,0,0
REV_03906,0,0
REV_03907,0,0
REV_03908,0,0
REV_03909,0,0
REV_03910,0,0
REV_03911,0,0
REV_03912,0,0
REV_03913,0,0
REV_03914,0,0
REV_03915,1,0
REV_03916,0,0
REV_03917,0,0
REV_03918,0,0
REV_03919,0,0
REV_03920,0,0
REV_03921,0,0
REV_03922,0,0
REV_03923,0,0
REV_03924,0,0
REV_03925,0,0
REV_03926,0,0
REV_03927,1,0
REV_03928,0,0
REV_03929,0,0
REV_03930,1,1
REV_03931,0,0
REV_03932,1,1
REV_03933,1,1
REV_03934,0,0
REV_03935,1,1
REV_03936,0,0
REV_03937,0,0
REV_03938,1,1
REV_03939,1,1
REV_03940,0,0
REV_03941,1,1
REV_03942,1,1
REV_03943,0,0
REV_03944,0,0
REV_03945,1,1
REV_03946,0,0
REV_03947,0,0
REV_03948,1,0
REV_03949,0,0
REV_03950,0,0
REV_03951,0,0
REV_03952,0,0
REV_03953,0,0
REV_03954,1,0
REV_03955,0,0
REV_03956,1,0
REV_03957,0,0
REV_03958,0,0
REV_03959,0,0
REV_03960,0,0
REV_03961,0,0
REV_03962,0,0
REV_03963,0,0
REV_03964,0,0
REV_03965,0,0
REV_03966,1,1
REV_03967,0,0
REV_03968,0,0
REV_03969,0,0
REV_03970,1,1
REV_03971,1,1
REV_03972,0,0
REV_03973,0,0
REV_03974,1,0
REV_03975,0,0
REV_03976,1,1
REV_03977,0,0
REV_03978,0,0
REV_03979,1,1
REV_03980,1,1
REV_03981,0,0
REV_03982,0,0
REV_03983,0,0
REV_03984,0,0
REV_03985,0,0
REV_03986,0,0
REV_03987,0,0
REV_03988,0,0
REV_03989,0,0
REV_03990,0,0
REV_03991,0,0
REV_03992,0,0
REV_03993,0,0
REV_03994,0,0
REV_03995,0,0
REV_03996,0,0
REV_03997,0,0
REV_03998,0,0
REV_03999,0,0
REV_04000,1,1
REV_04001,1,0
REV_04002,0,0
REV_04003,0,0
REV_04004,0,0
REV_04005,0,0
REV_04006,0,0
REV_04007,0,0
REV_04008,0,0
REV_04009,0,0
REV_04010,0,0
REV_04011,1,1
REV_04012,0,0
REV_04013,0,0
REV_04014,0,0
REV_04015,0,0
REV_04016,0,0
REV_04017,0,0
REV_04018,0,0
REV_04019,0,0
REV_04020,0,0
REV_04021,1,1
REV_04022,1,1
REV_04023,0,0
REV_04024,1,1
REV_04025,0,0
REV_04026,0,0
REV_04027,1,1
REV_04028,0,0
REV_04029,0,0
REV_04030,1,0
REV_04031,0,0
REV_04032,0,0
REV_04033,0,0
REV_04034,0,0
REV_04035,0,0
REV_04036,0,0
REV_04037,1,0
REV_04038,1,1
REV_04039,0,0
REV_04040,0,0
REV_04041,0,0
REV_04042,0,0
REV_04043,0,0
REV_04044,0,0
REV_04045,0,0
REV_04046,0,0
REV_04047,0,0
REV_04048,0,0
REV_04049,1,1
REV_04050,0,0
REV_04051,0,0
REV_04052,0,0
REV_04053,0,0
REV_04054,0,0
REV_04055,0,0
REV_04056,1,1
REV_04057,0,0
REV_04058,0,0
REV_04059,1,1
REV_04060,0,0
REV_04061,0,0
REV_04062,0,0
REV_04063,0,0
REV_04064,0,0
REV_04065,1,1
REV_04066,0,0
REV_04067,0,0
REV_04068,0,0
REV_04069,0,0
REV_04070,0,0
REV_04071,0,0
REV_04072,0,0
REV_04073,0,0
REV_04074,0,0
REV_04075,1,0
REV_04076,1,1
REV_04077,1,0
REV_04078,0,0
REV_04079,0,0
REV_04080,0,0
REV_04081,0,0
REV_04082,0,0
REV_04083,0,0
REV_04084,0,0
REV_04085,0,0
REV_04086,0,0
REV_04087,0,0
REV_04088,0,0
REV_04089,0,0
REV_04090,0,0
REV_04091,1,1
REV_04092,1,1
REV_04093,0,0
REV_04094,1,1
REV_04095,1,1
REV_04096,0,0
REV_04097,0,0
REV_04098,0,0
REV_04099,0,0
REV_04100,1,0
REV_04101,0,0
REV_04102,0,0
REV_04103,0,0
REV_04104,0,0
REV_04105,0,0
REV_04106,0,0
REV_04107,0,0
REV_04108,1,1
REV_04109,1,0
REV_04110,1,1
REV_04111,1,0
REV_04112,0,0
REV_04113,0,0
REV_04114,0,0
REV_04115,0,0
REV_04116,0,0
REV_04117,0,0
REV_04118,0,0
REV_04119,1,0
REV_04120,1,0
REV_04121,0,0
REV_04122,0,0
REV_04123,1,0
REV_04124,1,0
REV_04125,0,0
REV_04126,0,0
REV_04127,1,0
REV_04128,1,1
REV_04129,0,0
REV_04130,1,1
REV_04131,0,0
REV_04132,0,0
REV_04133,1,0
REV_04134,0,0
REV_04135,0,0
REV_04136,0,0
REV_04137,1,1
REV_04138,0,0
REV_04139,1,1
REV_04140,1,1
REV_04141,0,0
REV_04142,0,0
REV_04143,0,0
REV_04144,1,1
REV_04145,1,1
REV_04146,0,0
REV_04147,0,0
REV_04148,0,0
REV_04149,1,1
REV_04150,0,0
REV_04151,1,1
REV_04152,0,0
REV_04153,0,0
REV_04154,0,0
REV_04155,0,0
REV_04156,0,0
REV_04157,0,0
REV_04158,0,0
REV_04159,0,0
REV_04160,0,0
REV_04161,0,0
REV_04162,0,0
REV_04163,0,0
REV_04164,0,0
REV_04165,0,0
REV_04166,0,0
REV_04167,0,0
REV_04168,0,0
REV_04169,0,0
REV_04170,0,0
REV_04171,1,0
REV_04172,0,0
REV_04173,0,0
REV_04174,0,0
REV_04175,0,0
REV_04176,0,0
REV_04177,0,0
REV_04178,1,1
REV_04179,0,0
REV_04180,0,0
REV_04181,0,0
REV_04182,0,0
REV_04183,0,0
REV_04184,0,0
REV_04185,1,0
REV_04186,0,0
REV_04187,0,0
REV_04188,0,0
REV_04189,0,0
REV_04190,0,0
REV_04191,0,0
REV_04192,0,0
REV_04193,0,0
REV_04194,1,1
REV_04195,1,0
REV_04196,0,0
REV_04197,0,0
REV_04198,0,0
REV_04199,0,0
REV_04200,0,0
REV_04201,0,0
REV_04202,0,0
REV_04203,1,1
REV_04204,0,0
REV_04205,0,0
REV_04206,0,0
REV_04207,0,0
REV_04208,0,0
REV_04209,0,0
REV_04210,1,1
REV_04211,0,0
REV_04212,0,0
REV_04213,1,1
REV_04214,0,0
REV_04215,0,0
REV_04216,0,0
REV_04217,0,0
REV_04218,0,0
REV_04219,1,0
REV_04220,0,0
REV_04221,0,0
REV_04222,0,0
REV_04223,1,0
REV_04224,0,0
REV_04225,0,0
REV_04226,1,1
REV_04227,0,0
REV_04228,0,0
REV_04229,0,0
REV_04230,0,0
REV_04231,0,0
REV_04232,0,0
REV_04233,0,0
REV_04234,0,0
REV_04235,0,0
REV_04236,1,0
REV_04237,0,0
REV_04238,0,0
REV_04239,0,0
REV_04240,1,1
REV_04241,0,0
REV_04242,0,0
REV_04243,0,0
REV_04244,0,0
REV_04245,0,0
REV_04246,0,0
REV_04247,0,0
REV_04248,0,0
REV_04249,0,0
REV_04250,0,0
REV_04251,0,0
REV_04252,0,0
REV_04253,0,0
REV_04254,0,0
REV_04255,1,0
REV_04256,1,1
REV_04257,0,0
REV_04258,0,0
REV_04259,1,0
REV_04260,0,0
REV_04261,0,0
REV_04262,0,0
REV_04263,0,0
REV_04264,1,0
REV_04265,0,0
REV_04266,0,0
REV_04267,0,0
REV_04268,0,0
REV_04269,1,0
REV_04270,1,1
REV_04271,0,0
REV_04272,0,0
REV_04273,0,0
REV_04274,0,0
REV_04275,0,0
REV_04276,0,0
REV_04277,0,0
REV_04278,1,1
REV_04279,1,1
REV_04280,0,0
REV_04281,0,0
REV_04282,0,0
REV_04283,0,0
REV_04284,0,0
REV_04285,0,0
REV_04286,1,1
REV_04287,0,0
REV_04288,0,0
REV_04289,1,0
REV_04290,0,0
REV_04291,1,1
REV_04292,1,1
REV_04293,0,0
REV_04294,0,0
REV_04295,0,0
REV_04296,0,0
REV_04297,0,0
REV_04298,0,0
REV_04299,1,1
REV_04300,0,0
REV_04301,0,0
REV_04302,0,0
REV_04303,0,0
REV_04304,1,1
REV_04305,0,0
REV_04306,0,0
REV_04307,0,0
REV_04308,0,0
REV_04309,0,0
REV_04310,0,0
REV_04311,0,0
REV_04312,1,1
REV_04313,1,1
REV_04314,0,0
REV_04315,0,0
REV_04316,0,0
REV_04317,0,0
REV_04318,1,1
REV_04319,0,0
REV_04320,1,1
REV_04321,0,0
REV_04322,0,0
REV_04323,0,0
REV_04324,0,0
REV_04325,0,0
REV_04326,0,0
REV_04327,1,1
REV_04328,0,0
REV_04329,0,0
REV_04330,1,0
REV_04331,1,1
REV_04332,0,0
REV_04333,0,0
REV_04334,0,0
REV_04335,0,0
REV_04336,1,0
REV_04337,0,0
REV_04338,0,0
REV_04339,0,0
REV_04340,0,0
REV_04341,0,0
REV_04342,0,0
REV_04343,0,0
REV_04344,0,0
REV_04345,0,0
REV_04346,0,0
REV_04347,0,0
REV_04348,0,0
REV_04349,0,0
REV_04350,0,0
REV_04351,0,0
REV_04352,0,0
REV_04353,0,0
REV_04354,1,1
REV_04355,0,0
REV_04356,0,0
REV_04357,1,0
REV_04358,0,0
REV_04359,0,0
REV_04360,0,0
REV_04361,0,0
REV_04362,0,0
REV_04363,1,0
REV_04364,1,1
REV_04365,0,0
REV_04366,0,0
REV_04367,0,0
REV_04368,1,1
REV_04369,0,0
REV_04370,0,0
REV_04371,0,0
REV_04372,0,0
REV_04373,1,1
REV_04374,0,0
REV_04375,0,0
REV_04376,0,0
REV_04377,1,1
REV_04378,1,0
REV_04379,0,0
REV_04380,0,0
REV_04381,0,0
REV_04382,0,0
REV_04383,0,0
REV_04384,1,1
REV_04385,1,0
REV_04386,0,0
REV_04387,0,0
REV_04388,0,0
REV_04389,0,0
REV_04390,0,0
REV_04391,0,0
REV_04392,0,0
REV_04393,0,0
REV_04394,0,0
REV_04395,0,0
REV_04396,0,0
REV_04397,0,0
REV_04398,1,1
REV_04399,1,0
REV_04400,0,0
REV_04401,0,0
REV_04402,0,0
REV_04403,0,0
REV_04404,1,1
REV_04405,0,0
REV_04406,0,0
REV_04407,1,1
REV_04408,0,0
REV_04409,0,0
REV_04410,0,0
REV_04411,0,0
REV_04412,0,0
REV_04413,0,0
REV_04414,0,0
REV_04415,0,0
REV_04416,0,0
REV_04417,0,0
REV_04418,0,0
REV_04419,0,0
REV_04420,0,0
REV_04421,1,1
REV_04422,1,1
REV_04423,1,1
REV_04424,1,0
REV_04425,1,1
REV_04426,0,0
REV_04427,1,0
REV_04428,1,1
REV_04429,1,1
REV_04430,0,0
REV_04431,0,0
REV_04432,0,0
REV_04433,0,0
REV_04434,0,0
REV_04435,0,0
REV_04436,1,1
REV_04437,0,0
REV_04438,1,1
REV_04439,0,0
REV_04440,0,0
REV_04441,0,0
REV_04442,0,0
REV_04443,0,0
REV_04444,0,0
REV_04445,0,0
REV_04446,0,0
REV_04447,0,0
REV_04448,0,0
REV_04449,1,1
REV_04450,0,0
REV_04451,1,0
REV_04452,0,0
REV_04453,0,0
REV_04454,0,0
REV_04455,0,0
REV_04456,0,0
REV_04457,0,0
REV_04458,0,0
REV_04459,0,0
REV_04460,0,0
REV_04461,0,0
REV_04462,0,0
REV_04463,0,0
REV_04464,0,0
REV_04465,0,0
REV_04466,0,0
REV_04467,0,0
REV_04468,0,0
REV_04469,1,1
REV_04470,0,0
REV_04471,0,0
REV_04472,0,0
REV_04473,1,0
REV_04474,0,0
REV_04475,1,1
REV_04476,0,0
REV_04477,0,0
REV_04478,0,0
REV_04479,0,0
REV_04480,0,0
REV_04481,0,0
REV_04482,0,0
REV_04483,0,0
REV_04484,0,0
REV_04485,1,1
REV_04486,1,1
REV_04487,0,0
REV_04488,1,0
REV_04489,1,0
REV_04490,0,0
REV_04491,0,0
REV_04492,0,0
REV_04493,1,1
REV_04494,0,0
REV_04495,0,0
REV_04496,0,0
REV_04497,1,1
REV_04498,0,0
REV_04499,0,0
REV_04500,1,1
REV_04501,1,1
REV_04502,0,0
REV_04503,1,1
REV_04504,0,0
REV_04505,0,0
REV_04506,0,0
REV_04507,0,0
REV_04508,0,0
REV_04509,0,0
REV_04510,0,0
REV_04511,0,0
REV_04512,0,0
REV_04513,0,0
REV_04514,0,0
REV_04515,0,0
REV_04516,0,0
REV_04517,0,0
REV_04518,1,1
REV_04519,1,1
REV_04520,0,0
REV_04521,0,0
REV_04522,0,0
REV_04523,0,0
REV_04524,0,0
REV_04525,0,0
REV_04526,0,0
REV_04527,0,0
REV_04528,0,0
REV_04529,0,0
REV_04530,1,1
REV_04531,1,1
REV_04532,0,0
REV_04533,1,1
REV_04534,0,0
REV_04535,0,0
REV_04536,0,0
REV_04537,0,0
REV_04538,0,0
REV_04539,0,0
REV_04540,0,0
REV_04541,1,1
REV_04542,0,0
REV_04543,0,0
REV_04544,1,0
REV_04545,1,1
REV_04546,0,0
REV_04547,1,1
REV_04548,0,0
REV_04549,1,1
REV_04550,0,0
REV_04551,0,0
REV_04552,0,0
REV_04553,1,0
REV_04554,0,0
REV_04555,0,0
REV_04556,0,0
REV_04557,1,0
REV_04558,1,1
REV_04559,1,0
REV_04560,0,0
REV_04561,0,0
REV_04562,0,0
REV_04563,1,1
REV_04564,0,0
REV_04565,1,1
REV_04566,0,0
REV_04567,0,0
REV_04568,0,0
REV_04569,0,0
REV_04570,1,0
REV_04571,0,0
REV_04572,0,0
REV_04573,0,0
REV_04574,0,0
REV_04575,0,0
REV_04576,0,0
REV_04577,0,0
REV_04578,0,0
REV_04579,1,1
REV_04580,0,0
REV_04581,0,0
REV_04582,0,0
REV_04583,1,1
REV_04584,1,1
REV_04585,0,0
REV_04586,0,0
REV_04587,1,1
REV_04588,1,0
REV_04589,0,0
REV_04590,0,0
REV_04591,0,0
REV_04592,1,0
REV_04593,0,0
REV_04594,0,0
REV_04595,0,0
REV_04596,1,1
REV_04597,0,0
REV_04598,0,0
REV_04599,0,0
REV_04600,0,0
REV_04601,0,0
REV_04602,0,0
REV_04603,0,0
REV_04604,0,0
REV_04605,1,0
REV_04606,0,0
REV_04607,0,0
REV_04608,0,0
REV_04609,0,0
REV_04610,0,0
REV_04611,0,0
REV_04612,1,1
REV_04613,0,0
REV_04614,0,0
REV_04615,0,0
REV_04616,0,0
REV_04617,0,0
REV_04618,0,0
REV_04619,1,0
REV_04620,0,0
REV_04621,0,0
REV_04622,0,0
REV_04623,0,0
REV_04624,0,0
REV_04625,0,0
REV_04626,1,0
REV_04627,0,0
REV_04628,0,0
REV_04629,1,1
REV_04630,0,0
REV_04631,1,1
REV_04632,0,0
REV_04633,0,0
REV_04634,0,0
REV_04635,0,0
REV_04636,0,0
REV_04637,1,1
REV_04638,0,0
REV_04639,0,0
REV_04640,0,0
REV_04641,1,1
REV_04642,0,0
REV_04643,1,1
REV_04644,0,0
REV_04645,0,0
REV_04646,0,0
REV_04647,1,1
REV_04648,0,0
REV_04649,0,0
REV_04650,0,0
REV_04651,0,0
REV_04652,0,0
REV_04653,1,1
REV_04654,0,0
REV_04655,0,0
REV_04656,0,0
REV_04657,0,0
REV_04658,1,1
REV_04659,0,0
REV_04660,0,0
REV_04661,1,0
REV_04662,0,0
REV_04663,0,0
REV_04664,0,0
REV_04665,0,0
REV_04666,0,0
REV_04667,0,0
REV_04668,0,0
REV_04669,0,0
REV_04670,0,0
REV_04671,0,0
REV_04672,0,0
REV_04673,0,0
REV_04674,0,0
REV_04675,0,0
REV_04676,1,0
REV_04677,0,0
REV_04678,0,0
REV_04679,1,0
REV_04680,0,0
REV_04681,0,0
REV_04682,0,0
REV_04683,0,0
REV_04684,1,1
REV_04685,0,0
REV_04686,1,0
REV_04687,0,0
REV_04688,1,1
REV_04689,1,1
REV_04690,0,0
REV_04691,0,0
REV_04692,0,0
REV_04693,0,0
REV_04694,1,1
REV_04695,1,1
REV_04696,1,1
REV_04697,0,0
REV_04698,0,0
REV_04699,0,0
REV_04700,0,0
REV_04701,0,0
REV_04702,1,0
REV_04703,0,0
REV_04704,0,0
REV_04705,0,0
REV_04706,0,0
REV_04707,0,0
REV_04708,0,0
REV_04709,0,0
REV_04710,1,0
REV_04711,0,0
REV_04712,0,0
REV_04713,0,0
REV_04714,0,0
REV_04715,0,0
REV_04716,0,0
REV_04717,1,1
REV_04718,0,0
REV_04719,0,0
REV_04720,0,0
REV_04721,0,0
REV_04722,0,0
REV_04723,0,0
REV_04724,0,0
REV_04725,0,0
REV_04726,0,0
REV_04727,0,0
REV_04728,1,0
REV_04729,0,0
REV_04730,0,0
REV_04731,0,0
REV_04732,0,0
REV_04733,0,0
REV_04734,0,0
REV_04735,0,0
REV_04736,0,0
REV_04737,1,0
REV_04738,0,0
REV_04739,1,1
REV_04740,0,0
REV_04741,0,0
REV_04742,0,0
REV_04743,0,0
REV_04744,1,0
REV_04745,0,0
REV_04746,0,0
REV_04747,0,0
REV_04748,1,1
REV_04749,0,0
REV_04750,0,0
REV_04751,0,0
REV_04752,0,0
REV_04753,0,0
REV_04754,0,0
REV_04755,0,0
REV_04756,0,0
REV_04757,0,0
REV_04758,0,0
REV_04759,1,1
REV_04760,0,0
REV_04761,0,0
REV_04762,0,0
REV_04763,0,0
REV_04764,0,0
REV_04765,0,0
REV_04766,0,0
REV_04767,0,0
REV_04768,0,0
REV_04769,0,0
REV_04770,0,0
REV_04771,0,0
REV_04772,0,0
REV_04773,0,0
REV_04774,0,0
REV_04775,1,0
REV_04776,0,0
REV_04777,1,0
REV_04778,0,0
REV_04779,0,0
REV_04780,0,0
REV_04781,0,0
REV_04782,1,1
REV_04783,0,0
REV_04784,0,0
REV_04785,0,0
REV_04786,0,0
REV_04787,0,0
REV_04788,1,0
REV_04789,0,0
REV_04790,0,0
REV_04791,0,0
REV_04792,0,0
REV_04793,1,1
REV_04794,0,0
REV_04795,0,0
REV_04796,0,0
REV_04797,0,0
REV_04798,0,0
REV_04799,1,0
REV_04800,0,0
REV_04801,0,0
REV_04802,0,0
REV_04803,1,0
REV_04804,0,0
REV_04805,0,0
REV_04806,0,0
REV_04807,0,0
REV_04808,0,0
REV_04809,0,0
REV_04810,0,0
REV_04811,1,1
REV_04812,0,0
REV_04813,0,0
REV_04814,0,0
REV_04815,0,0
REV_04816,0,0
REV_04817,1,1
REV_04818,0,0
REV_04819,0,0
REV_04820,0,0
REV_04821,0,0
REV_04822,0,0
REV_04823,1,1
REV_04824,1,0
REV_04825,0,0
REV_04826,1,1
REV_04827,1,1
REV_04828,0,0
REV_04829,0,0
REV_04830,0,0
REV_04831,1,1
REV_04832,0,0
REV_04833,0,0
REV_04834,0,0
REV_04835,0,0
REV_04836,1,0
REV_04837,0,0
REV_04838,1,1
REV_04839,0,0
REV_04840,0,0
REV_04841,0,0
REV_04842,1,0
REV_04843,1,1
REV_04844,0,0
REV_04845,1,0
REV_04846,0,0
REV_04847,0,0
REV_04848,0,0
REV_04849,0,0
REV_04850,0,0
REV_04851,0,0
REV_04852,0,0
REV_04853,0,0
REV_04854,0,0
REV_04855,0,0
REV_04856,0,0
REV_04857,0,0
REV_04858,0,0
REV_04859,0,0
REV_04860,0,0
REV_04861,0,0
REV_04862,1,1
REV_04863,0,0
REV_04864,0,0
REV_04865,1,1
REV_04866,1,0
REV_04867,1,1
REV_04868,0,0
REV_04869,0,0
REV_04870,0,0
REV_04871,0,0
REV_04872,0,0
REV_04873,0,0
REV_04874,1,1
REV_04875,0,0
REV_04876,1,0
REV_04877,1,1
REV_04878,0,0
REV_04879,0,0
REV_04880,0,0
REV_04881,0,0
REV_04882,1,1
REV_04883,0,0
REV_04884,1,1
REV_04885,1,1
REV_04886,1,1
REV_04887,0,0
REV_04888,1,0
REV_04889,0,0
REV_04890,1,1
REV_04891,0,0
REV_04892,0,0
REV_04893,0,0
REV_04894,0,0
REV_04895,0,0
REV_04896,0,0
REV_04897,1,0
REV_04898,0,0
REV_04899,0,0
REV_04900,0,0
REV_04901,1,1
REV_04902,0,0
REV_04903,1,1
REV_04904,0,0
REV_04905,0,0
REV_04906,1,1
REV_04907,0,0
REV_04908,1,1
REV_04909,1,1
REV_04910,0,0
REV_04911,0,0
REV_04912,0,0
REV_04913,0,0
REV_04914,0,0
REV_04915,1,1
REV_04916,0,0
REV_04917,1,1
REV_04918,0,0
REV_04919,1,1
REV_04920,0,0
REV_04921,0,0
REV_04922,1,1
REV_04923,0,0
REV_04924,0,0
REV_04925,0,0
REV_04926,0,0
REV_04927,0,0
REV_04928,0,0
REV_04929,1,0
REV_04930,1,1
REV_04931,0,0
REV_04932,0,0
REV_04933,0,0
REV_04934,1,0
REV_04935,0,0
REV_04936,0,0
REV_04937,0,0
REV_04938,0,0
REV_04939,0,0
REV_04940,1,0
REV_04941,0,0
REV_04942,0,0
REV_04943,0,0
REV_04944,0,0
REV_04945,1,1
REV_04946,0,0
REV_04947,1,1
REV_04948,1,1
REV_04949,1,1
REV_04950,0,0
REV_04951,0,0
REV_04952,1,1
REV_04953,0,0
REV_04954,0,0
REV_04955,1,1
REV_04956,0,0
REV_04957,0,0
REV_04958,0,0
REV_04959,0,0
REV_04960,0,0
REV_04961,0,0
REV_04962,0,0
REV_04963,1,0
REV_04964,0,0
REV_04965,1,1
REV_04966,0,0
REV_04967,0,0
REV_04968,1,0
REV_04969,0,0
REV_04970,0,0
REV_04971,0,0
REV_04972,0,0
REV_04973,0,0
REV_04974,1,0
REV_04975,0,0
REV_04976,0,0
REV_04977,1,1
REV_04978,1,1
REV_04979,0,0
REV_04980,0,0
REV_04981,0,0
REV_04982,1,1
REV_04983,0,0
REV_04984,0,0
REV_04985,1,1
REV_04986,0,0
REV_04987,1,1
REV_04988,0,0
REV_04989,1,1
REV_04990,0,0
REV_04991,0,0
REV_04992,1,1
REV_04993,0,0
REV_04994,0,0
REV_04995,0,0
REV_04996,0,0
REV_04997,0,0
REV_04998,1,1
REV_04999,0,0
REV_05000,1,0
